,exp_id,agent_id,model,seed,gamma,num_episodes,time_limit,step_limit,show_tree,show_belief,show_pi,render_asci,policy_name,nesting_level,num_sims,r_hi,r_lo,rollout_policies,uct_c,epsilon,policy_entropy_mean,policy_entropy_std,search_time_mean,search_time_std,update_time_mean,update_time_std,reinvigoration_time_mean,reinvigoration_time_std,episode_returns_mean,episode_returns_std,episode_returns_max,episode_returns_min,episode_discounted_returns_mean,episode_discounted_returns_std,episode_discounted_returns_max,episode_discounted_returns_min,episode_steps_mean,episode_steps_std,episode_times_mean,episode_times_std,episode_dones,num_outcome_LOSS,num_outcome_DRAW,num_outcome_WIN,num_outcome_NA
0,0,0,PEModel,0,0.95,90,86400,40,None,None,None,FALSE,NestedSearchTree,1,2048,,,"{0: (<class 'posgmcp.envs.pe.policies.PESPPolicy'>, {'r_hi': 90, 'r_lo': -138}), 1: (<class 'posgmcp.policy.random_policy.RandomPolicy'>, {})}",230,0.1,0.5600835715,0.4846116196,23.19219312,6.40013025,0.8209772735,0.5027376544,0.9456821015,1.173967802,-41.22222222,92.28022272,92,-126,-34.19993598,58.37417332,56.62992917,-87.59,8.888888889,4.398091618,961.9927377,496.4719156,1,60,0,30,0
1,0,1,PEModel,0,0.95,90,86400,40,None,None,None,FALSE,NestedSearchTree,3,4096,,,"{0: (<class 'posgmcp.envs.pe.policies.PESPPolicy'>, {'r_hi': 90, 'r_lo': -138}), 1: (<class 'posgmcp.policy.random_policy.RandomPolicy'>, {})}",230,0.1,0.02666213051,0.05334664109,81.8463958,18.15715905,3.686451791,2.463248613,6.124011049,8.160125794,25.44444444,96.44078334,98,-118,22.16471434,61.71006428,83.885,-69.41995278,8.888888889,4.398091618,961.9927377,496.4719156,1,30,0,60,0
0,1,0,PEModel,0,0.95,100,86400,40,None,None,None,FALSE,NestedSearchTree,1,2048,,,"{0: (<class 'posgmcp.envs.pe.policies.PESPPolicy'>, {'r_hi': 90, 'r_lo': -138}), 1: (<class 'posgmcp.policy.random_policy.RandomPolicy'>, {})}",230,0.1,0.5002690103,0.4869486924,22.77900643,6.522365938,1.106081896,0.85278885,1.939945881,2.936199844,-17.05,96.75291985,92,-133,-20.040872,58.86078133,56.62992917,-87.59,11.04,6.945386958,771.4735511,589.5208944,0.99,53,1,46,0
1,1,1,PEModel,0,0.95,100,86400,40,None,None,None,FALSE,NestedSearchTree,3,2048,,,"{0: (<class 'posgmcp.envs.pe.policies.PESPPolicy'>, {'r_hi': 90, 'r_lo': -138}), 1: (<class 'posgmcp.policy.random_policy.RandomPolicy'>, {})}",230,0.1,0.1254171279,0.1163333386,42.8701152,10.48231869,2.480527981,2.015479501,6.023719921,10.95992736,-3.05,102.1691123,98,-133,5.984752521,63.0348318,83.885,-69.41995278,11.04,6.945386958,771.4735511,589.5208944,0.99,46,1,53,0
0,2,0,PEModel,0,0.95,100,86400,40,None,None,None,FALSE,NestedSearchTree,1,2048,,,"{0: (<class 'posgmcp.envs.pe.policies.PESPPolicy'>, {'r_hi': 90, 'r_lo': -138}), 1: (<class 'posgmcp.policy.random_policy.RandomPolicy'>, {})}",230,0.1,0.5220400559,0.5126344484,21.75469015,5.36420312,1.15512289,0.7830530701,2.072660198,2.967888061,-7.98,95.9220496,92,-124,-14.46976651,57.7011731,56.62992917,-87.59,11.95,7.378854925,572.739167,431.824807,0.97,47,3,50,0
1,2,1,PEModel,0,0.95,100,86400,40,None,None,None,FALSE,NestedSearchTree,3,1024,,,"{0: (<class 'posgmcp.envs.pe.policies.PESPPolicy'>, {'r_hi': 90, 'r_lo': -138}), 1: (<class 'posgmcp.policy.random_policy.RandomPolicy'>, {})}",230,0.1,0.2773139045,0.232622781,21.83136837,4.372653388,1.490259229,1.015157014,4.288839311,6.655871363,-13.98,101.4558012,98,-128,-0.5364334525,61.76314789,83.885,-69.41995278,11.95,7.378854925,572.739167,431.824807,0.97,50,3,47,0
0,3,0,PEModel,0,0.95,100,86400,40,None,None,None,FALSE,NestedSearchTree,1,2048,,,"{0: (<class 'posgmcp.envs.pe.policies.PESPPolicy'>, {'r_hi': 90, 'r_lo': -138}), 1: (<class 'posgmcp.policy.random_policy.RandomPolicy'>, {})}",230,0.1,0.5070654839,0.4669152264,22.8193901,5.610557911,1.216941767,0.7971156353,2.24269224,3.041555157,25.83,89.60257307,92,-139,9.073532567,50.34860265,56.62992917,-87.59,14.12,8.107132662,534.9850359,391.8168172,0.95,28,5,67,0
1,3,1,PEModel,0,0.95,100,86400,40,None,None,None,FALSE,NestedSearchTree,3,512,,,"{0: (<class 'posgmcp.envs.pe.policies.PESPPolicy'>, {'r_hi': 90, 'r_lo': -138}), 1: (<class 'posgmcp.policy.random_policy.RandomPolicy'>, {})}",230,0.1,0.7137651699,0.2935448806,11.49573726,2.12391571,1.042558596,0.5092513957,3.327213044,3.981238199,-52.17,89.81147532,98,-122,-26.35226062,51.88980166,83.885,-69.41995278,14.12,8.107132662,534.9850359,391.8168172,0.95,67,5,28,0
0,4,0,PEModel,0,0.95,100,86400,40,None,None,None,FALSE,NestedSearchTree,1,2048,,,"{0: (<class 'posgmcp.envs.pe.policies.PESPPolicy'>, {'r_hi': 90, 'r_lo': -138}), 1: (<class 'posgmcp.policy.random_policy.RandomPolicy'>, {})}",230,0.1,0.5717009242,0.5225943819,22.48910522,5.500340002,1.236052906,0.7703726324,2.293137643,3.29383431,16.77,93.73706364,92,-135,5.575719213,50.93271972,56.62992917,-87.59,14.19,7.532190916,405.0325711,293.1830737,0.96,33,4,63,0
1,4,1,PEModel,0,0.95,100,86400,40,None,None,None,FALSE,NestedSearchTree,3,128,,,"{0: (<class 'posgmcp.envs.pe.policies.PESPPolicy'>, {'r_hi': 90, 'r_lo': -138}), 1: (<class 'posgmcp.policy.random_policy.RandomPolicy'>, {})}",230,0.1,1.612922579,0.2005415147,2.856421801,0.4864963352,0.2941386052,0.1396435435,0.949225425,1.05944034,-43.23,93.44001873,98,-128,-23.09330385,51.70074014,83.885,-69.41995278,14.19,7.532190916,405.0325711,293.1830737,0.96,63,4,33,0
0,5,0,PEModel,0,0.95,100,86400,40,None,None,None,FALSE,NestedSearchTree,1,2048,,,"{0: (<class 'posgmcp.envs.pe.policies.PESPPolicy'>, {'r_hi': 90, 'r_lo': -138}), 1: (<class 'posgmcp.policy.random_policy.RandomPolicy'>, {})}",230,0.1,0.6048439224,0.5057236889,23.29418746,5.863818844,1.540523019,0.9453303148,3.269987461,3.950288622,30.69,83.65018769,92,-133,15.8788438,41.41579869,56.62992917,-77.80735125,18.17,10.74062847,503.4616935,401.2441605,0.86,19,14,67,0
1,5,1,PEModel,0,0.95,100,86400,40,None,None,None,FALSE,NestedSearchTree,3,16,,,"{0: (<class 'posgmcp.envs.pe.policies.PESPPolicy'>, {'r_hi': 90, 'r_lo': -138}), 1: (<class 'posgmcp.policy.random_policy.RandomPolicy'>, {})}",230,0.1,1.964799581,0.01227230497,0.3675166479,0.1724622566,0.04249454257,0.01466080602,0.1793645441,0.1543577954,-65.31,76.40571903,95,-139,-36.13608542,38.56842647,69.21102687,-69.41995278,18.17,10.74062847,503.4616935,401.2441605,0.86,67,14,19,0
0,6,0,PEModel,0,0.95,100,86400,40,None,None,None,FALSE,NestedSearchTree,1,2048,,,"{0: (<class 'posgmcp.envs.pe.policies.PESPPolicy'>, {'r_hi': 90, 'r_lo': -138}), 1: (<class 'posgmcp.policy.random_policy.RandomPolicy'>, {})}",230,0.1,0.6153040497,0.4580351308,24.57217744,5.798042473,0.816663129,0.7305206188,1.043389397,1.722384136,-80.72,65.56829722,92,-124,-60.38362543,41.97935643,56.62992917,-87.59,7.72,4.664933011,619.4703734,441.9673427,1,87,0,13,0
1,6,1,PEModel,0,0.95,100,86400,40,None,None,None,FALSE,NestedSearchTree,2,4096,,,"{0: (<class 'posgmcp.envs.pe.policies.PESPPolicy'>, {'r_hi': 90, 'r_lo': -138}), 1: (<class 'posgmcp.policy.random_policy.RandomPolicy'>, {})}",230,0.1,0.01497050627,0.04340203134,51.68731405,12.46733433,2.207763106,1.732735901,3.085747421,6.074632799,67.28,69.22659605,98,-115,49.99584836,45.64128222,83.885,-69.41995278,7.72,4.664933011,619.4703734,441.9673427,1,13,0,87,0
0,7,0,PEModel,0,0.95,100,86400,40,None,None,None,FALSE,NestedSearchTree,1,2048,,,"{0: (<class 'posgmcp.envs.pe.policies.PESPPolicy'>, {'r_hi': 90, 'r_lo': -138}), 1: (<class 'posgmcp.policy.random_policy.RandomPolicy'>, {})}",230,0.1,0.5207751984,0.4817749064,21.45566123,5.541498977,1.017394625,0.6724127108,1.710687241,2.581706699,-15.28,97.09799998,92,-135,-19.6681931,60.08949027,56.62992917,-87.59,10.28,5.948243438,546.120299,412.4062626,1,53,0,47,0
1,7,1,PEModel,0,0.95,100,86400,40,None,None,None,FALSE,NestedSearchTree,2,2048,,,"{0: (<class 'posgmcp.envs.pe.policies.PESPPolicy'>, {'r_hi': 90, 'r_lo': -138}), 1: (<class 'posgmcp.policy.random_policy.RandomPolicy'>, {})}",230,0.1,0.1052695665,0.12141687,27.57868075,7.952191406,1.355234669,1.010662503,2.676939925,4.903598555,-3.28,102.8141119,98,-126,6.248345313,64.17232213,83.885,-69.41995278,10.28,5.948243438,546.120299,412.4062626,1,47,0,53,0
0,8,0,PEModel,0,0.95,100,86400,40,None,None,None,FALSE,NestedSearchTree,1,2048,,,"{0: (<class 'posgmcp.envs.pe.policies.PESPPolicy'>, {'r_hi': 90, 'r_lo': -138}), 1: (<class 'posgmcp.policy.random_policy.RandomPolicy'>, {})}",230,0.1,0.4187287221,0.4668451921,20.83962185,5.345675225,0.9666319184,0.6404938653,1.625597169,2.444701434,13.07,93.12950714,92,-111,-4.81647981,59.56729674,56.62992917,-87.59,10.92,6.22363238,422.6740878,286.8329141,0.99,38,1,61,0
1,8,1,PEModel,0,0.95,100,86400,40,None,None,None,FALSE,NestedSearchTree,2,1024,,,"{0: (<class 'posgmcp.envs.pe.policies.PESPPolicy'>, {'r_hi': 90, 'r_lo': -138}), 1: (<class 'posgmcp.policy.random_policy.RandomPolicy'>, {})}",230,0.1,0.2443112976,0.2305472217,14.98228175,3.927423257,0.8699252891,0.6167529438,2.170595364,3.663458449,-32.93,100.7350242,98,-133,-9.30443136,64.15873326,83.885,-69.41995278,10.92,6.22363238,422.6740878,286.8329141,0.99,61,1,38,0
0,9,0,PEModel,0,0.95,100,86400,40,None,None,None,FALSE,NestedSearchTree,1,2048,,,"{0: (<class 'posgmcp.envs.pe.policies.PESPPolicy'>, {'r_hi': 90, 'r_lo': -138}), 1: (<class 'posgmcp.policy.random_policy.RandomPolicy'>, {})}",230,0.1,0.5045963144,0.4964349476,21.8772009,5.888905572,1.131513955,0.7621022667,2.131015732,3.132397964,22.4,90.89279399,92,-137,5.10708877,52.12666599,56.62992917,-84.1605,13.57,7.408447881,451.3426676,323.3032635,0.97,31,3,66,0
1,9,1,PEModel,0,0.95,100,86400,40,None,None,None,FALSE,NestedSearchTree,2,512,,,"{0: (<class 'posgmcp.envs.pe.policies.PESPPolicy'>, {'r_hi': 90, 'r_lo': -138}), 1: (<class 'posgmcp.policy.random_policy.RandomPolicy'>, {})}",230,0.1,0.6942299348,0.3249262562,8.377523555,1.723007298,0.6413854545,0.3308468561,1.943767365,2.494786544,-47.6,93.81630988,97,-129,-21.98812916,54.33608786,78.74075,-69.41995278,13.57,7.408447881,451.3426676,323.3032635,0.97,66,3,31,0
0,10,0,PEModel,0,0.95,100,86400,40,None,None,None,FALSE,NestedSearchTree,1,2048,,,"{0: (<class 'posgmcp.envs.pe.policies.PESPPolicy'>, {'r_hi': 90, 'r_lo': -138}), 1: (<class 'posgmcp.policy.random_policy.RandomPolicy'>, {})}",230,0.1,0.461832108,0.4525583004,21.64198982,4.853199785,1.182229883,0.7273275217,2.114811546,2.656435477,37.78,85.19431671,92,-139,14.65889377,46.68941805,56.62992917,-87.59,14.21,6.790132547,376.801004,244.2169008,0.99,24,1,75,0
1,10,1,PEModel,0,0.95,100,86400,40,None,None,None,FALSE,NestedSearchTree,2,128,,,"{0: (<class 'posgmcp.envs.pe.policies.PESPPolicy'>, {'r_hi': 90, 'r_lo': -138}), 1: (<class 'posgmcp.policy.random_policy.RandomPolicy'>, {})}",230,0.1,1.620057695,0.1757840177,2.100458547,0.3460156574,0.1968409291,0.09539859309,0.6008126595,0.5607565805,-64.22,86.21595908,98,-131,-32.35820599,47.71471371,83.885,-69.41995278,14.21,6.790132547,376.801004,244.2169008,0.99,75,1,24,0
0,11,0,PEModel,0,0.95,100,86400,40,None,None,None,FALSE,NestedSearchTree,1,2048,,,"{0: (<class 'posgmcp.envs.pe.policies.PESPPolicy'>, {'r_hi': 90, 'r_lo': -138}), 1: (<class 'posgmcp.policy.random_policy.RandomPolicy'>, {})}",230,0.1,0.5107014955,0.5093274889,23.20960081,6.185635439,1.46214481,0.901021715,2.976162168,3.408984807,43.17,75.89361699,92,-135,19.72555572,38.33265892,56.62992917,-87.59,17.71,10.0392181,491.1683164,419.824544,0.88,14,12,74,0
1,11,1,PEModel,0,0.95,100,86400,40,None,None,None,FALSE,NestedSearchTree,2,16,,,"{0: (<class 'posgmcp.envs.pe.policies.PESPPolicy'>, {'r_hi': 90, 'r_lo': -138}), 1: (<class 'posgmcp.policy.random_policy.RandomPolicy'>, {})}",230,0.1,1.967729438,0.009558394229,0.2705026769,0.05176854496,0.02647717496,0.008278757776,0.09990393241,0.07687799189,-76.83,69.6609008,98,-133,-39.83108351,36.36930601,83.885,-69.41995278,17.71,10.0392181,491.1683164,419.824544,0.88,74,12,14,0
0,12,0,PEModel,0,0.95,100,86400,40,None,None,None,FALSE,NestedSearchTree,1,2048,,,"{0: (<class 'posgmcp.envs.pe.policies.PESPPolicy'>, {'r_hi': 90, 'r_lo': -138}), 1: (<class 'posgmcp.policy.random_policy.RandomPolicy'>, {})}",230,0.1,0.4538278719,0.428217605,22.98365387,5.717187802,0.9619982772,0.5907510352,1.3874477,1.977899783,6.16,96.16254156,92,-131,-6.112736502,59.19921513,56.62992917,-87.59,10.84,5.324884975,706.9410547,410.0760925,1,42,0,58,0
1,12,1,PEModel,0,0.95,100,86400,40,None,None,None,FALSE,NestedSearchTree,1,4096,,,"{0: (<class 'posgmcp.envs.pe.policies.PESPPolicy'>, {'r_hi': 90, 'r_lo': -138}), 1: (<class 'posgmcp.policy.random_policy.RandomPolicy'>, {})}",230,0.1,0.02292734395,0.05323539556,40.95601356,10.32529955,1.381823733,0.8980471746,1.918096321,2.94615916,-25.84,101.4764721,98,-132,-8.169278324,62.78637983,83.885,-69.41995278,10.84,5.324884975,706.9410547,410.0760925,1,58,0,42,0
0,13,0,PEModel,0,0.95,100,86400,40,None,None,None,FALSE,NestedSearchTree,1,2048,,,"{0: (<class 'posgmcp.envs.pe.policies.PESPPolicy'>, {'r_hi': 90, 'r_lo': -138}), 1: (<class 'posgmcp.policy.random_policy.RandomPolicy'>, {})}",230,0.1,0.5227886117,0.4832565656,20.2509226,5.912468011,1.104199805,0.5640715794,1.61003302,1.761252275,17.01,93.71995465,92,-131,0.5854103148,54.83974433,56.62992917,-80.902475,11.99,4.689338973,517.3987664,250.3989429,1,36,0,64,0
1,13,1,PEModel,0,0.95,100,86400,40,None,None,None,FALSE,NestedSearchTree,1,2048,,,"{0: (<class 'posgmcp.envs.pe.policies.PESPPolicy'>, {'r_hi': 90, 'r_lo': -138}), 1: (<class 'posgmcp.policy.random_policy.RandomPolicy'>, {})}",230,0.1,0.08649914921,0.1035068072,20.17840094,5.053039248,0.8842427653,0.4484071736,1.588786219,1.729620919,-38.99,98.4507486,96,-119,-16.3605968,57.86067444,73.8537125,-69.41995278,11.99,4.689338973,517.3987664,250.3989429,1,64,0,36,0
0,14,0,PEModel,0,0.95,100,86400,40,None,None,None,FALSE,NestedSearchTree,1,2048,,,"{0: (<class 'posgmcp.envs.pe.policies.PESPPolicy'>, {'r_hi': 90, 'r_lo': -138}), 1: (<class 'posgmcp.policy.random_policy.RandomPolicy'>, {})}",230,0.1,0.4954948849,0.4783692611,21.12809725,5.66402291,1.057886583,0.6767411993,1.735725243,2.718787031,20.5,91.83436176,92,-126,3.197036024,54.01500011,56.62992917,-87.59,12.48,6.035693829,436.1212541,272.8988757,0.98,33,2,65,0
1,14,1,PEModel,0,0.95,100,86400,40,None,None,None,FALSE,NestedSearchTree,1,1024,,,"{0: (<class 'posgmcp.envs.pe.policies.PESPPolicy'>, {'r_hi': 90, 'r_lo': -138}), 1: (<class 'posgmcp.policy.random_policy.RandomPolicy'>, {})}",230,0.1,0.262061133,0.2122082537,11.24010124,2.051243609,0.5635936918,0.3003543736,1.16640897,1.494286586,-43.5,95.88300162,98,-126,-19.25473848,56.84362678,83.885,-69.41995278,12.48,6.035693829,436.1212541,272.8988757,0.98,65,2,33,0
0,15,0,PEModel,0,0.95,100,86400,40,None,None,None,FALSE,NestedSearchTree,1,2048,,,"{0: (<class 'posgmcp.envs.pe.policies.PESPPolicy'>, {'r_hi': 90, 'r_lo': -138}), 1: (<class 'posgmcp.policy.random_policy.RandomPolicy'>, {})}",230,0.1,0.499323704,0.4363089126,22.40816915,5.821230669,1.079221352,0.662849804,1.77346151,2.508495165,10.1,95.9710894,92,-136,0.08882238866,54.73687473,56.62992917,-87.59,12.88,6.763549364,395.6990921,271.7523961,0.98,38,2,60,0
1,15,1,PEModel,0,0.95,100,86400,40,None,None,None,FALSE,NestedSearchTree,1,512,,,"{0: (<class 'posgmcp.envs.pe.policies.PESPPolicy'>, {'r_hi': 90, 'r_lo': -138}), 1: (<class 'posgmcp.policy.random_policy.RandomPolicy'>, {})}",230,0.1,0.7423586892,0.3037187634,5.872467998,0.9678603476,0.3424813496,0.1719628534,0.8324147305,0.8784397229,-33.9,97.54614293,98,-120,-16.37121536,56.87125278,83.885,-69.41995278,12.88,6.763549364,395.6990921,271.7523961,0.98,60,2,38,0
0,16,0,PEModel,0,0.95,100,86400,40,None,None,None,FALSE,NestedSearchTree,1,2048,,,"{0: (<class 'posgmcp.envs.pe.policies.PESPPolicy'>, {'r_hi': 90, 'r_lo': -138}), 1: (<class 'posgmcp.policy.random_policy.RandomPolicy'>, {})}",230,0.1,0.5146081853,0.5076003417,23.09660754,5.443517592,1.254742205,0.6852106682,2.039989281,2.86192422,37.81,86.72031999,92,-138,18.09179007,44.51172219,56.62992917,-77.80735125,14.18,6.124344863,386.3803412,238.3647829,0.99,24,1,75,0
1,16,1,PEModel,0,0.95,100,86400,40,None,None,None,FALSE,NestedSearchTree,1,128,,,"{0: (<class 'posgmcp.envs.pe.policies.PESPPolicy'>, {'r_hi': 90, 'r_lo': -138}), 1: (<class 'posgmcp.policy.random_policy.RandomPolicy'>, {})}",230,0.1,1.637829485,0.156471165,1.529551944,0.2425621271,0.1032393175,0.03958496006,0.2580612266,0.2014383764,-64.19,84.57927583,95,-136,-35.9813515,43.70257272,69.21102687,-69.41995278,14.18,6.124344863,386.3803412,238.3647829,0.99,75,1,24,0
0,17,0,PEModel,0,0.95,100,86400,40,None,None,None,FALSE,NestedSearchTree,1,2048,,,"{0: (<class 'posgmcp.envs.pe.policies.PESPPolicy'>, {'r_hi': 90, 'r_lo': -138}), 1: (<class 'posgmcp.policy.random_policy.RandomPolicy'>, {})}",230,0.1,0.6078904912,0.5219126336,22.88123063,6.44894653,1.601422805,1.006981121,3.801400558,4.792854048,33.62,80.26503348,92,-138,15.34011994,42.04861851,56.62992917,-77.80735125,18.23,11.1380923,508.6271746,438.3410131,0.85,17,15,68,0
1,17,1,PEModel,0,0.95,100,86400,40,None,None,None,FALSE,NestedSearchTree,1,16,,,"{0: (<class 'posgmcp.envs.pe.policies.PESPPolicy'>, {'r_hi': 90, 'r_lo': -138}), 1: (<class 'posgmcp.policy.random_policy.RandomPolicy'>, {})}",230,0.1,1.96519347,0.0111119043,0.1964587079,0.08044224262,0.01534649832,0.004721341466,0.05479291248,0.0459647127,-68.38,74.94635148,95,-136,-35.4853262,40.12740731,69.21102687,-69.41995278,18.23,11.1380923,508.6271746,438.3410131,0.85,68,15,17,0
0,18,0,PEModel,0,0.95,100,86400,40,None,None,None,FALSE,NestedSearchTree,1,2048,,,"{0: (<class 'posgmcp.envs.pe.policies.PESPPolicy'>, {'r_hi': 90, 'r_lo': -138}), 1: (<class 'posgmcp.policy.random_policy.RandomPolicy'>, {})}",230,0.1,0.5403004786,0.5550349338,23.6898615,6.525036371,0.9399478493,0.4337728425,1.038275583,1.027686741,27.52,90.83297639,92,-115,9.021981602,53.46669258,56.62992917,-77.80735125,11.48,3.185843687,446.2519404,159.0065445,1,31,0,69,0
1,18,1,PEModel,0,0.95,100,86400,40,None,None,None,FALSE,NestedSearchTree,0,4096,,,"{0: (<class 'posgmcp.envs.pe.policies.PESPPolicy'>, {'r_hi': 90, 'r_lo': -138}), 1: (<class 'posgmcp.policy.random_policy.RandomPolicy'>, {})}",230,0.1,0.02753996681,0.03758990857,13.54138706,3.217443181,0.3994456381,0.2749058944,0.2005146389,0.2333146385,-48.48,94.24261032,95,-123,-24.53848813,55.24500925,69.21102687,-69.41995278,11.48,3.185843687,446.2519404,159.0065445,1,69,0,31,0
0,19,0,PEModel,0,0.95,100,86400,40,None,None,None,FALSE,NestedSearchTree,1,2048,,,"{0: (<class 'posgmcp.envs.pe.policies.PESPPolicy'>, {'r_hi': 90, 'r_lo': -138}), 1: (<class 'posgmcp.policy.random_policy.RandomPolicy'>, {})}",230,0.1,0.5385475028,0.5141180564,22.47590681,6.41801434,0.9370352662,0.3572254021,1.124847996,0.8335488943,23.29,92.14274741,92,-121,5.682529298,54.34417014,56.62992917,-77.80735125,11.71,4.000737432,377.5771138,172.087906,1,33,0,67,0
1,19,1,PEModel,0,0.95,100,86400,40,None,None,None,FALSE,NestedSearchTree,0,2048,,,"{0: (<class 'posgmcp.envs.pe.policies.PESPPolicy'>, {'r_hi': 90, 'r_lo': -138}), 1: (<class 'posgmcp.policy.random_policy.RandomPolicy'>, {})}",230,0.1,0.1214370918,0.1096862513,7.714961215,2.150333403,0.2852305868,0.1945824687,0.157093651,0.1520226741,-44.71,96.07146246,95,-120,-21.2926109,56.57103916,69.21102687,-69.41995278,11.71,4.000737432,377.5771138,172.087906,1,67,0,33,0
0,20,0,PEModel,0,0.95,100,86400,40,None,None,None,FALSE,NestedSearchTree,1,2048,,,"{0: (<class 'posgmcp.envs.pe.policies.PESPPolicy'>, {'r_hi': 90, 'r_lo': -138}), 1: (<class 'posgmcp.policy.random_policy.RandomPolicy'>, {})}",230,0.1,0.4651037291,0.491337043,22.31862924,6.901526247,0.9900720481,0.4986568284,1.288592359,1.269669238,36.87,85.90537294,92,-117,13.64010267,50.89772023,56.62992917,-77.80735125,12.13,4.610108459,351.4268523,196.7852636,1,26,0,74,0
1,20,1,PEModel,0,0.95,100,86400,40,None,None,None,FALSE,NestedSearchTree,0,1024,,,"{0: (<class 'posgmcp.envs.pe.policies.PESPPolicy'>, {'r_hi': 90, 'r_lo': -138}), 1: (<class 'posgmcp.policy.random_policy.RandomPolicy'>, {})}",230,0.1,0.300419501,0.1983536008,4.422582148,1.017308612,0.1663111058,0.08654077805,0.1065585256,0.07873256358,-59.13,89.74838773,95,-138,-29.64138887,52.66538795,69.21102687,-69.41995278,12.13,4.610108459,351.4268523,196.7852636,1,74,0,26,0
0,21,0,PEModel,0,0.95,100,86400,40,None,None,None,FALSE,NestedSearchTree,1,2048,,,"{0: (<class 'posgmcp.envs.pe.policies.PESPPolicy'>, {'r_hi': 90, 'r_lo': -138}), 1: (<class 'posgmcp.policy.random_policy.RandomPolicy'>, {})}",230,0.1,0.4659989021,0.4680063104,23.18995114,6.022328887,1.06821466,0.5239593427,1.378756066,1.601081465,50.2,77.13676166,92,-131,21.16194424,45.06283478,56.62992917,-77.80735125,12.8,4.783304297,352.9930323,180.4336441,1,19,0,81,0
1,21,1,PEModel,0,0.95,100,86400,40,None,None,None,FALSE,NestedSearchTree,0,512,,,"{0: (<class 'posgmcp.envs.pe.policies.PESPPolicy'>, {'r_hi': 90, 'r_lo': -138}), 1: (<class 'posgmcp.policy.random_policy.RandomPolicy'>, {})}",230,0.1,0.6340001075,0.2586489829,2.420174764,0.5485464177,0.1077036575,0.05005266527,0.07343926065,0.04703103495,-73.8,80.04798561,95,-131,-37.85958932,46.41558087,69.21102687,-69.41995278,12.8,4.783304297,352.9930323,180.4336441,1,81,0,19,0
0,22,0,PEModel,0,0.95,100,86400,40,None,None,None,FALSE,NestedSearchTree,1,2048,,,"{0: (<class 'posgmcp.envs.pe.policies.PESPPolicy'>, {'r_hi': 90, 'r_lo': -138}), 1: (<class 'posgmcp.policy.random_policy.RandomPolicy'>, {})}",230,0.1,0.5405960993,0.5136690009,22.97086749,6.264923564,1.216004796,0.6963510689,1.903155157,2.778914814,25.09,91.54005626,92,-133,9.029663222,49.22647947,56.62992917,-77.80735125,13.89,6.27358749,364.150178,231.4084207,0.98,30,2,68,0
1,22,1,PEModel,0,0.95,100,86400,40,None,None,None,FALSE,NestedSearchTree,0,128,,,"{0: (<class 'posgmcp.envs.pe.policies.PESPPolicy'>, {'r_hi': 90, 'r_lo': -138}), 1: (<class 'posgmcp.policy.random_policy.RandomPolicy'>, {})}",230,0.1,1.569462058,0.1688987172,0.616447882,0.1301530513,0.0311453394,0.01749936894,0.02071310007,0.01624387304,-50.91,91.72383496,95,-124,-26.5569605,50.31156584,69.21102687,-69.41995278,13.89,6.27358749,364.150178,231.4084207,0.98,68,2,30,0
0,23,0,PEModel,0,0.95,100,86400,40,None,None,None,FALSE,NestedSearchTree,1,2048,,,"{0: (<class 'posgmcp.envs.pe.policies.PESPPolicy'>, {'r_hi': 90, 'r_lo': -138}), 1: (<class 'posgmcp.policy.random_policy.RandomPolicy'>, {})}",230,0.1,0.5328550274,0.4614500737,24.2473971,5.608004964,1.465744239,0.9333861204,2.706387365,3.028424179,43.81,79.50165973,92,-137,20.50314797,39.6677351,56.62992917,-87.59,17.13,9.844445134,486.9512232,402.7966754,0.94,17,6,77,0
1,23,1,PEModel,0,0.95,100,86400,40,None,None,None,FALSE,NestedSearchTree,0,16,,,"{0: (<class 'posgmcp.envs.pe.policies.PESPPolicy'>, {'r_hi': 90, 'r_lo': -138}), 1: (<class 'posgmcp.policy.random_policy.RandomPolicy'>, {})}",230,0.1,1.975540383,0.008586460864,0.0946151804,0.03135193706,0.004325918707,0.001402867848,0.002353133977,0.0009765651611,-76.19,74.0196859,98,-139,-40.09714263,37.93294551,83.885,-69.41995278,17.13,9.844445134,486.9512232,402.7966754,0.94,77,6,17,0
0,24,0,PEModel,0,0.95,100,86400,40,None,None,None,FALSE,NestedSearchTree,1,2048,,,"{0: (<class 'posgmcp.envs.pe.policies.PESPPolicy'>, {'r_hi': 90, 'r_lo': -138}), 1: (<class 'posgmcp.policy.random_policy.RandomPolicy'>, {})}",230,0.1,0.6303042132,0.5375997729,29.36425481,11.17727288,2.047041056,1.563927546,4.752960555,6.406985951,38.74,71.22466146,92,-138,18.98636778,35.71601874,56.62992917,-80.902475,21.01,12.55348159,733.3890591,647.1060376,0.75,8,25,67,0
1,24,1,PEModel,0,0.95,100,86400,40,None,None,None,FALSE,RandomPolicy,None,None,,,None,None,None,2,0,0,0,0,0,0,0,-79.26,57.44207865,96,-132,-40.83898895,31.31411443,73.8537125,-69.41995278,21.01,12.55348159,733.3890591,647.1060376,0.75,67,25,8,0
0,25,0,PEModel,0,0.95,100,86400,40,None,None,None,FALSE,NestedSearchTree,1,2048,None,None,"{0: (<class 'posgmcp.envs.pe.policies.PESPPolicy'>, {'r_hi': 90, 'r_lo': -138}), 1: (<class 'posgmcp.policy.random_policy.RandomPolicy'>, {})}",230,0.1,0.5411639387,0.4984841289,11.86222601,2.947526615,0.5791651409,0.4127781401,1.047171483,1.776869559,2.19,94.89664852,92,-136,-6.062307456,54.79434088,56.62992917,-87.59,13.76,8.567520061,179.4828868,142.5516557,0.95,40,5,55,0
1,25,1,PEModel,0,0.95,100,86400,40,None,None,None,FALSE,PESPPolicy,None,None,90,-138,None,None,None,0.5836600854,0.1620930635,0,0,0,0,0,0,-27.81,98.47219861,98,-131,-10.61529258,57.48224742,83.885,-69.41995278,13.76,8.567520061,179.4828868,142.5516557,0.95,55,5,40,0
0,26,0,PEModel,0,0.95,80,86400,40,None,None,None,FALSE,NestedSearchTree,0,2048,,,"{0: (<class 'posgmcp.envs.pe.policies.PESPPolicy'>, {'r_hi': 90, 'r_lo': -138}), 1: (<class 'posgmcp.policy.random_policy.RandomPolicy'>, {})}",230,0.1,0.9538223037,0.4424170038,15.66060955,5.21829618,0.436004064,0.374250186,0.2922380906,0.3322116783,-54.7875,85.56498901,92,-124,-42.13789144,52.59293168,56.62992917,-91.2,9.525,5.645739544,1089.479899,874.0280615,0.9875,58,1,21,0
1,26,1,PEModel,0,0.95,80,86400,40,None,None,None,FALSE,NestedSearchTree,3,4096,,,"{0: (<class 'posgmcp.envs.pe.policies.PESPPolicy'>, {'r_hi': 90, 'r_lo': -138}), 1: (<class 'posgmcp.policy.random_policy.RandomPolicy'>, {})}",230,0.1,0.03240484746,0.07556036034,89.72429385,32.72613349,5.22703419,4.779075598,12.35589542,26.08182117,37.7125,90.64107702,99,-126,29.52297571,56.00483613,89.3,-69.41995278,9.525,5.645739544,1089.479899,874.0280615,0.9875,21,1,58,0
0,27,0,PEModel,0,0.95,100,86400,40,None,None,None,FALSE,NestedSearchTree,0,2048,,,"{0: (<class 'posgmcp.envs.pe.policies.PESPPolicy'>, {'r_hi': 90, 'r_lo': -138}), 1: (<class 'posgmcp.policy.random_policy.RandomPolicy'>, {})}",230,0.1,0.8484461875,0.4807822133,13.93411885,5.546331822,0.3592487767,0.3212285248,0.2338573405,0.2736221982,-21.78,96.19215976,92,-116,-22.54962433,60.08518059,56.62992917,-87.59,9.77,5.059357667,641.9886392,670.6299292,0.99,56,1,43,0
1,27,1,PEModel,0,0.95,100,86400,40,None,None,None,FALSE,NestedSearchTree,3,2048,,,"{0: (<class 'posgmcp.envs.pe.policies.PESPPolicy'>, {'r_hi': 90, 'r_lo': -138}), 1: (<class 'posgmcp.policy.random_policy.RandomPolicy'>, {})}",230,0.1,0.1225551091,0.1253572178,47.42084492,19.27691805,2.362601731,2.308808675,4.969435345,15.12529699,4.22,101.2990207,98,-118,9.491439011,63.51976021,83.885,-69.41995278,9.77,5.059357667,641.9886392,670.6299292,0.99,43,1,56,0
0,28,0,PEModel,0,0.95,100,86400,40,None,None,None,FALSE,NestedSearchTree,0,2048,,,"{0: (<class 'posgmcp.envs.pe.policies.PESPPolicy'>, {'r_hi': 90, 'r_lo': -138}), 1: (<class 'posgmcp.policy.random_policy.RandomPolicy'>, {})}",230,0.1,0.9120996057,0.4786599712,13.35677395,3.544286618,0.4058580434,0.4030402973,0.2650055048,0.3813376849,-32.44,95.03550074,92,-138,-27.74563304,58.50662389,56.62992917,-91.2,10.43,7.098246262,406.4465159,323.353906,0.99,60,1,39,0
1,28,1,PEModel,0,0.95,100,86400,40,None,None,None,FALSE,NestedSearchTree,3,1024,,,"{0: (<class 'posgmcp.envs.pe.policies.PESPPolicy'>, {'r_hi': 90, 'r_lo': -138}), 1: (<class 'posgmcp.policy.random_policy.RandomPolicy'>, {})}",230,0.1,0.2787126608,0.2378559355,23.15033817,5.5739759,1.316958811,0.9900439795,3.308274018,6.138787274,13.56,99.05668276,99,-123,14.42478754,62.18269195,89.3,-69.41995278,10.43,7.098246262,406.4465159,323.353906,0.99,39,1,60,0
0,29,0,PEModel,0,0.95,100,86400,40,None,None,None,FALSE,NestedSearchTree,0,2048,,,"{0: (<class 'posgmcp.envs.pe.policies.PESPPolicy'>, {'r_hi': 90, 'r_lo': -138}), 1: (<class 'posgmcp.policy.random_policy.RandomPolicy'>, {})}",230,0.1,0.8935158257,0.4430380585,13.46592788,3.483997943,0.4112387388,0.3296462303,0.2408202647,0.3097338503,-22.45,93.57172383,92,-139,-20.40057385,55.20048233,56.62992917,-91.2,13.37,9.712522844,357.008184,283.3565853,0.92,51,8,41,0
1,29,1,PEModel,0,0.95,100,86400,40,None,None,None,FALSE,NestedSearchTree,3,512,,,"{0: (<class 'posgmcp.envs.pe.policies.PESPPolicy'>, {'r_hi': 90, 'r_lo': -138}), 1: (<class 'posgmcp.policy.random_policy.RandomPolicy'>, {})}",230,0.1,0.6579279436,0.3274194485,11.73870716,2.762709168,0.9929094795,0.6028359962,3.269899001,4.809850072,-2.45,98.19199305,99,-125,4.491773568,58.75774299,89.3,-69.41995278,13.37,9.712522844,357.008184,283.3565853,0.92,41,8,51,0
0,30,0,PEModel,0,0.95,100,86400,40,None,None,None,FALSE,NestedSearchTree,0,2048,,,"{0: (<class 'posgmcp.envs.pe.policies.PESPPolicy'>, {'r_hi': 90, 'r_lo': -138}), 1: (<class 'posgmcp.policy.random_policy.RandomPolicy'>, {})}",230,0.1,0.7918265462,0.4697695715,12.26882843,3.182761552,0.3667857709,0.1743216085,0.1808123166,0.1130387981,8.73,95.84871987,92,-135,1.187754559,53.383548,56.62992917,-91.2,14.23,8.660086605,239.770383,195.31896,0.96,37,4,59,0
1,30,1,PEModel,0,0.95,100,86400,40,None,None,None,FALSE,NestedSearchTree,3,128,,,"{0: (<class 'posgmcp.envs.pe.policies.PESPPolicy'>, {'r_hi': 90, 'r_lo': -138}), 1: (<class 'posgmcp.policy.random_policy.RandomPolicy'>, {})}",230,0.1,1.591896932,0.2230444144,2.868764778,0.4995626267,0.2876664742,0.1161895407,1.019412345,1.066683769,-35.27,95.91254923,99,-136,-18.34935662,54.56501631,89.3,-69.41995278,14.23,8.660086605,239.770383,195.31896,0.96,59,4,37,0
0,31,0,PEModel,0,0.95,100,86400,40,None,None,None,FALSE,NestedSearchTree,0,2048,,,"{0: (<class 'posgmcp.envs.pe.policies.PESPPolicy'>, {'r_hi': 90, 'r_lo': -138}), 1: (<class 'posgmcp.policy.random_policy.RandomPolicy'>, {})}",230,0.1,0.8640663261,0.4430841412,12.85579739,3.120502527,0.3888322601,0.1933223461,0.1775812903,0.1235998893,10.9,89.28622514,92,-138,2.067734504,49.73686621,56.62992917,-91.2,16.95,11.16187708,251.4795239,219.5100799,0.85,29,15,56,0
1,31,1,PEModel,0,0.95,100,86400,40,None,None,None,FALSE,NestedSearchTree,3,16,,,"{0: (<class 'posgmcp.envs.pe.policies.PESPPolicy'>, {'r_hi': 90, 'r_lo': -138}), 1: (<class 'posgmcp.policy.random_policy.RandomPolicy'>, {})}",230,0.1,1.963616409,0.01517665076,0.3531814793,0.06244829712,0.04005624517,0.01574719584,0.1629091158,0.1537082054,-43.1,88.50553655,99,-128,-21.02202649,50.69914123,89.3,-69.41995278,16.95,11.16187708,251.4795239,219.5100799,0.85,56,15,29,0
0,32,0,PEModel,0,0.95,100,86400,40,None,None,None,FALSE,NestedSearchTree,0,2048,,,"{0: (<class 'posgmcp.envs.pe.policies.PESPPolicy'>, {'r_hi': 90, 'r_lo': -138}), 1: (<class 'posgmcp.policy.random_policy.RandomPolicy'>, {})}",230,0.1,0.8773165367,0.3656650987,16.93363361,7.755797623,0.4199166317,0.2918015704,0.2983001963,0.2696996532,-64.78,78.93903724,92,-126,-50.10708402,49.02941479,56.62992917,-91.2,8.77,5.536885406,724.3032227,575.1226617,0.99,78,1,21,0
1,32,1,PEModel,0,0.95,100,86400,40,None,None,None,FALSE,NestedSearchTree,2,4096,,,"{0: (<class 'posgmcp.envs.pe.policies.PESPPolicy'>, {'r_hi': 90, 'r_lo': -138}), 1: (<class 'posgmcp.policy.random_policy.RandomPolicy'>, {})}",230,0.1,0.02184032069,0.05798375174,58.86025262,23.9986503,3.119321379,2.548591094,5.612408854,10.41162204,49.22,84.45834239,99,-121,38.4729562,52.96926574,89.3,-69.41995278,8.77,5.536885406,724.3032227,575.1226617,0.99,21,1,78,0
0,33,0,PEModel,0,0.95,100,86400,40,None,None,None,FALSE,NestedSearchTree,0,2048,,,"{0: (<class 'posgmcp.envs.pe.policies.PESPPolicy'>, {'r_hi': 90, 'r_lo': -138}), 1: (<class 'posgmcp.policy.random_policy.RandomPolicy'>, {})}",230,0.1,0.921010758,0.4271424999,16.69771295,8.182197609,0.5035776794,0.5306638363,0.3472232877,0.5019191504,-48.19,88.62400296,92,-128,-38.84915076,53.30693471,56.62992917,-87.59,10.18,6.436427581,558.5340856,428.0561681,0.99,68,1,31,0
1,33,1,PEModel,0,0.95,100,86400,40,None,None,None,FALSE,NestedSearchTree,2,2048,,,"{0: (<class 'posgmcp.envs.pe.policies.PESPPolicy'>, {'r_hi': 90, 'r_lo': -138}), 1: (<class 'posgmcp.policy.random_policy.RandomPolicy'>, {})}",230,0.1,0.0957518792,0.1122114914,36.36710788,19.8229169,2.069182957,1.89500131,4.3865604,7.596496568,29.81,94.80429262,98,-134,25.65648108,57.31693822,83.885,-69.41995278,10.18,6.436427581,558.5340856,428.0561681,0.99,31,1,68,0
0,34,0,PEModel,0,0.95,100,86400,40,None,None,None,FALSE,NestedSearchTree,0,2048,,,"{0: (<class 'posgmcp.envs.pe.policies.PESPPolicy'>, {'r_hi': 90, 'r_lo': -138}), 1: (<class 'posgmcp.policy.random_policy.RandomPolicy'>, {})}",230,0.1,0.8683361551,0.4675547741,17.06474985,8.06632631,0.4988969845,0.3683882621,0.2754340094,0.1937730349,-31.56,94.39187677,92,-138,-26.0930044,56.66337808,56.62992917,-87.59,11.53,7.785184648,446.507467,333.2199814,0.97,58,3,39,0
1,34,1,PEModel,0,0.95,100,86400,40,None,None,None,FALSE,NestedSearchTree,2,1024,,,"{0: (<class 'posgmcp.envs.pe.policies.PESPPolicy'>, {'r_hi': 90, 'r_lo': -138}), 1: (<class 'posgmcp.policy.random_policy.RandomPolicy'>, {})}",230,0.1,0.286496467,0.2222856613,21.29597099,10.43575634,1.300852861,1.025524337,3.521269373,5.903547883,10.44,98.65529079,98,-122,11.64746101,60.07083539,83.885,-69.41995278,11.53,7.785184648,446.507467,333.2199814,0.97,39,3,58,0
0,35,0,PEModel,0,0.95,100,86400,40,None,None,None,FALSE,NestedSearchTree,0,2048,,,"{0: (<class 'posgmcp.envs.pe.policies.PESPPolicy'>, {'r_hi': 90, 'r_lo': -138}), 1: (<class 'posgmcp.policy.random_policy.RandomPolicy'>, {})}",230,0.1,0.7769280702,0.4429647647,15.2756394,6.693771334,0.4328897671,0.2916131071,0.2361232827,0.1950884898,3.24,95.12035744,92,-139,-4.446007559,55.76474714,56.62992917,-84.1605,13.7,9.39946807,376.9902132,323.0847789,0.94,39,6,55,0
1,35,1,PEModel,0,0.95,100,86400,40,None,None,None,FALSE,NestedSearchTree,2,512,,,"{0: (<class 'posgmcp.envs.pe.policies.PESPPolicy'>, {'r_hi': 90, 'r_lo': -138}), 1: (<class 'posgmcp.policy.random_policy.RandomPolicy'>, {})}",230,0.1,0.6833898092,0.3271864402,10.42865964,4.160367053,0.8166393943,0.6343861572,2.641522077,4.053697699,-28.76,97.07338667,97,-126,-11.89128843,58.59424196,78.74075,-69.41995278,13.7,9.39946807,376.9902132,323.0847789,0.94,55,6,39,0
0,36,0,PEModel,0,0.95,100,86400,40,None,None,None,FALSE,NestedSearchTree,0,2048,,,"{0: (<class 'posgmcp.envs.pe.policies.PESPPolicy'>, {'r_hi': 90, 'r_lo': -138}), 1: (<class 'posgmcp.policy.random_policy.RandomPolicy'>, {})}",230,0.1,0.9118058814,0.4476429614,15.10318718,5.858001043,0.4113764359,0.2468082488,0.224282538,0.1615064372,-15.42,95.78937102,92,-129,-15.40706965,54.78690463,56.62992917,-91.2,13.37,8.271221192,251.6738707,207.780761,0.95,49,5,46,0
1,36,1,PEModel,0,0.95,100,86400,40,None,None,None,FALSE,NestedSearchTree,2,128,,,"{0: (<class 'posgmcp.envs.pe.policies.PESPPolicy'>, {'r_hi': 90, 'r_lo': -138}), 1: (<class 'posgmcp.policy.random_policy.RandomPolicy'>, {})}",230,0.1,1.582976689,0.2604922898,2.523815473,0.960542655,0.2129868173,0.1151664037,0.5591340533,0.580446028,-9.42,99.74288747,99,-132,-0.9853235452,57.42630411,89.3,-69.41995278,13.37,8.271221192,251.6738707,207.780761,0.95,46,5,49,0
0,37,0,PEModel,0,0.95,100,86400,40,None,None,None,FALSE,NestedSearchTree,0,2048,,,"{0: (<class 'posgmcp.envs.pe.policies.PESPPolicy'>, {'r_hi': 90, 'r_lo': -138}), 1: (<class 'posgmcp.policy.random_policy.RandomPolicy'>, {})}",230,0.1,0.8911808676,0.4651622104,16.54312169,7.024617208,0.4768985684,0.2695914052,0.2188047091,0.14199471,5.18,91.64806381,92,-138,-0.02030644706,49.1615099,56.62992917,-91.2,17.68,11.35418865,332.7460177,305.6507934,0.86,32,14,54,0
1,37,1,PEModel,0,0.95,100,86400,40,None,None,None,FALSE,NestedSearchTree,2,16,,,"{0: (<class 'posgmcp.envs.pe.policies.PESPPolicy'>, {'r_hi': 90, 'r_lo': -138}), 1: (<class 'posgmcp.policy.random_policy.RandomPolicy'>, {})}",230,0.1,1.96462382,0.01670859782,0.3415311093,0.1413543109,0.03462926143,0.01785364874,0.1331471726,0.1293890727,-38.82,90.01781824,99,-132,-19.48118913,49.9179759,89.3,-69.41995278,17.68,11.35418865,332.7460177,305.6507934,0.86,54,14,32,0
0,38,0,PEModel,0,0.95,100,86400,40,None,None,None,FALSE,NestedSearchTree,0,2048,,,"{0: (<class 'posgmcp.envs.pe.policies.PESPPolicy'>, {'r_hi': 90, 'r_lo': -138}), 1: (<class 'posgmcp.policy.random_policy.RandomPolicy'>, {})}",230,0.1,0.9043849314,0.4478304189,16.88545223,6.779685383,0.5355530226,0.9739573868,0.2757620147,0.2277120518,-41.74,91.31523641,92,-128,-35.1244402,55.92291475,56.62992917,-91.2,9.73,5.630017762,670.8529106,469.4661029,0.99,66,1,33,0
1,38,1,PEModel,0,0.95,100,86400,40,None,None,None,FALSE,NestedSearchTree,1,4096,,,"{0: (<class 'posgmcp.envs.pe.policies.PESPPolicy'>, {'r_hi': 90, 'r_lo': -138}), 1: (<class 'posgmcp.policy.random_policy.RandomPolicy'>, {})}",230,0.1,0.01684271965,0.04839710712,52.10008853,20.89808221,1.714047491,1.173592537,2.287949987,3.825767677,24.26,96.68584384,99,-118,22.27672095,59.89852683,89.3,-69.41995278,9.73,5.630017762,670.8529106,469.4661029,0.99,33,1,66,0
0,39,0,PEModel,0,0.95,100,86400,40,None,None,None,FALSE,NestedSearchTree,0,2048,,,"{0: (<class 'posgmcp.envs.pe.policies.PESPPolicy'>, {'r_hi': 90, 'r_lo': -138}), 1: (<class 'posgmcp.policy.random_policy.RandomPolicy'>, {})}",230,0.1,0.8390950586,0.4374138176,16.26833725,6.105921586,0.4644947885,0.3624250159,0.2826178332,0.3202117933,-17.57,97.15299841,92,-135,-18.72962506,56.63133271,56.62992917,-91.2,11.56,6.091502278,524.274944,323.5687733,0.99,53,1,46,0
1,39,1,PEModel,0,0.95,100,86400,40,None,None,None,FALSE,NestedSearchTree,1,2048,,,"{0: (<class 'posgmcp.envs.pe.policies.PESPPolicy'>, {'r_hi': 90, 'r_lo': -138}), 1: (<class 'posgmcp.policy.random_policy.RandomPolicy'>, {})}",230,0.1,0.09804799642,0.1173156052,28.13805728,10.19061571,1.121826715,0.7084170806,2.010203519,2.734246399,-3.57,101.6792265,99,-125,3.760670704,60.05401491,89.3,-69.41995278,11.56,6.091502278,524.274944,323.5687733,0.99,46,1,53,0
0,40,0,PEModel,0,0.95,100,86400,40,None,None,None,FALSE,NestedSearchTree,0,2048,,,"{0: (<class 'posgmcp.envs.pe.policies.PESPPolicy'>, {'r_hi': 90, 'r_lo': -138}), 1: (<class 'posgmcp.policy.random_policy.RandomPolicy'>, {})}",230,0.1,0.8209956827,0.4906174452,17.67102412,8.137577394,0.4756146352,0.3096923655,0.2820685765,0.2415752718,-15.02,97.672512,92,-130,-17.52815123,60.10986245,56.62992917,-91.2,10.02,4.48994432,355.054907,236.694033,1,53,0,47,0
1,40,1,PEModel,0,0.95,100,86400,40,None,None,None,FALSE,NestedSearchTree,1,1024,,,"{0: (<class 'posgmcp.envs.pe.policies.PESPPolicy'>, {'r_hi': 90, 'r_lo': -138}), 1: (<class 'posgmcp.policy.random_policy.RandomPolicy'>, {})}",230,0.1,0.2649959695,0.1965195242,16.4729562,6.53271641,0.6694251389,0.4660474602,1.189545103,1.495645229,-3.02,102.1195358,99,-120,4.03763663,63.16516209,89.3,-69.41995278,10.02,4.48994432,355.054907,236.694033,1,47,0,53,0
0,41,0,PEModel,0,0.95,100,86400,40,None,None,None,FALSE,NestedSearchTree,0,2048,,,"{0: (<class 'posgmcp.envs.pe.policies.PESPPolicy'>, {'r_hi': 90, 'r_lo': -138}), 1: (<class 'posgmcp.policy.random_policy.RandomPolicy'>, {})}",230,0.1,0.7873678142,0.4578040269,17.54659649,7.222448155,0.4996074662,0.3538873347,0.2598939728,0.2055902147,-1.2,97.49133295,92,-130,-6.40804909,57.57709083,56.62992917,-84.1605,12.18,7.171303926,340.1562472,315.3615699,0.98,44,2,54,0
1,41,1,PEModel,0,0.95,100,86400,40,None,None,None,FALSE,NestedSearchTree,1,512,,,"{0: (<class 'posgmcp.envs.pe.policies.PESPPolicy'>, {'r_hi': 90, 'r_lo': -138}), 1: (<class 'posgmcp.policy.random_policy.RandomPolicy'>, {})}",230,0.1,0.6386641767,0.3231119419,8.39047294,2.926431767,0.4729040345,0.3719458466,1.133052124,1.859444155,-21.2,100.0028,97,-131,-8.989780145,59.64803523,78.74075,-69.41995278,12.18,7.171303926,340.1562472,315.3615699,0.98,54,2,44,0
0,42,0,PEModel,0,0.95,100,86400,40,None,None,None,FALSE,NestedSearchTree,0,2048,,,"{0: (<class 'posgmcp.envs.pe.policies.PESPPolicy'>, {'r_hi': 90, 'r_lo': -138}), 1: (<class 'posgmcp.policy.random_policy.RandomPolicy'>, {})}",230,0.1,0.8419585767,0.4419411593,19.38130091,9.439881622,0.568662226,0.3904979865,0.2937408048,0.2318961694,5.4,93.99617013,92,-133,-6.0734059,55.2667827,56.62992917,-91.2,13.56,8.690592615,325.9300125,351.4361448,0.96,39,4,57,0
1,42,1,PEModel,0,0.95,100,86400,40,None,None,None,FALSE,NestedSearchTree,1,128,,,"{0: (<class 'posgmcp.envs.pe.policies.PESPPolicy'>, {'r_hi': 90, 'r_lo': -138}), 1: (<class 'posgmcp.policy.random_policy.RandomPolicy'>, {})}",230,0.1,1.55155602,0.3024070037,2.365754331,1.207487439,0.1407441743,0.08715298804,0.3769978634,0.4332079364,-30.6,99.35834137,99,-138,-10.34614116,58.44130285,89.3,-69.41995278,13.56,8.690592615,325.9300125,351.4361448,0.96,57,4,39,0
0,43,0,PEModel,0,0.95,100,86400,40,None,None,None,FALSE,NestedSearchTree,0,2048,,,"{0: (<class 'posgmcp.envs.pe.policies.PESPPolicy'>, {'r_hi': 90, 'r_lo': -138}), 1: (<class 'posgmcp.policy.random_policy.RandomPolicy'>, {})}",230,0.1,0.8531221252,0.4375811808,17.80361349,7.908512577,0.5586562696,0.3574459396,0.2406016234,0.1605652687,16.83,87.15309002,92,-134,6.495951318,45.11910157,56.62992917,-87.59,19,11.63958762,399.8043835,405.8565652,0.83,24,17,59,0
1,43,1,PEModel,0,0.95,100,86400,40,None,None,None,FALSE,NestedSearchTree,1,16,,,"{0: (<class 'posgmcp.envs.pe.policies.PESPPolicy'>, {'r_hi': 90, 'r_lo': -138}), 1: (<class 'posgmcp.policy.random_policy.RandomPolicy'>, {})}",230,0.1,1.965973519,0.01161693288,0.273879909,0.1668105413,0.02030597772,0.009922748928,0.0727336504,0.06673205788,-53.17,82.70345277,98,-132,-27.03679365,44.89688231,83.885,-69.41995278,19,11.63958762,399.8043835,405.8565652,0.83,59,17,24,0
0,44,0,PEModel,0,0.95,100,86400,40,None,None,None,FALSE,NestedSearchTree,0,2048,,,"{0: (<class 'posgmcp.envs.pe.policies.PESPPolicy'>, {'r_hi': 90, 'r_lo': -138}), 1: (<class 'posgmcp.policy.random_policy.RandomPolicy'>, {})}",230,0.1,0.909295274,0.5050858774,18.74578788,9.326787781,0.4139691599,0.2244874051,0.2514898613,0.205826712,-1.57,96.7381264,92,-124,-11.31740861,59.74819909,56.62992917,-84.1605,10.57,5.210095968,404.1305597,281.7977582,1,46,0,54,0
1,44,1,PEModel,0,0.95,100,86400,40,None,None,None,FALSE,NestedSearchTree,0,4096,,,"{0: (<class 'posgmcp.envs.pe.policies.PESPPolicy'>, {'r_hi': 90, 'r_lo': -138}), 1: (<class 'posgmcp.policy.random_policy.RandomPolicy'>, {})}",230,0.1,0.02656746845,0.04862967779,18.51905794,8.521017082,0.5248850399,0.4276508384,0.2127463926,0.2907617891,-17.57,102.8009003,97,-132,-2.663136413,63.33699059,78.74075,-69.41995278,10.57,5.210095968,404.1305597,281.7977582,1,54,0,46,0
0,45,0,PEModel,0,0.95,100,86400,40,None,None,None,FALSE,NestedSearchTree,0,2048,,,"{0: (<class 'posgmcp.envs.pe.policies.PESPPolicy'>, {'r_hi': 90, 'r_lo': -138}), 1: (<class 'posgmcp.policy.random_policy.RandomPolicy'>, {})}",230,0.1,0.8109964213,0.4906781528,16.90323484,6.78375135,0.4038520983,0.2859662885,0.2291969374,0.1424858043,11.13,95.43465356,92,-114,-2.38324821,60.78759832,56.62992917,-84.1605,9.87,3.869509013,278.0461813,151.3314952,1,40,0,60,0
1,45,1,PEModel,0,0.95,100,86400,40,None,None,None,FALSE,NestedSearchTree,0,2048,,,"{0: (<class 'posgmcp.envs.pe.policies.PESPPolicy'>, {'r_hi': 90, 'r_lo': -138}), 1: (<class 'posgmcp.policy.random_policy.RandomPolicy'>, {})}",230,0.1,0.0956245641,0.08982144786,10.58606746,4.506896584,0.3202568044,0.2268185899,0.163128886,0.1707984692,-28.87,100.609011,97,-121,-11.05106704,63.88516342,78.74075,-69.41995278,9.87,3.869509013,278.0461813,151.3314952,1,60,0,40,0
0,46,0,PEModel,0,0.95,100,86400,40,None,None,None,FALSE,NestedSearchTree,0,2048,,,"{0: (<class 'posgmcp.envs.pe.policies.PESPPolicy'>, {'r_hi': 90, 'r_lo': -138}), 1: (<class 'posgmcp.policy.random_policy.RandomPolicy'>, {})}",230,0.1,0.9059873405,0.4847587161,16.50379359,6.044011912,0.4373856829,0.3191453207,0.2567871075,0.2620573966,-13.23,97.71211337,92,-130,-16.93008927,60.16642994,56.62992917,-91.2,10.23,5.243767729,229.9373138,153.7131297,1,52,0,48,0
1,46,1,PEModel,0,0.95,100,86400,40,None,None,None,FALSE,NestedSearchTree,0,1024,,,"{0: (<class 'posgmcp.envs.pe.policies.PESPPolicy'>, {'r_hi': 90, 'r_lo': -138}), 1: (<class 'posgmcp.policy.random_policy.RandomPolicy'>, {})}",230,0.1,0.2455519355,0.1611709043,5.356282873,2.198429357,0.2230416858,0.3178690587,0.1165126736,0.1293064883,-5.23,102.3490943,99,-125,3.369073387,63.6413009,89.3,-69.41995278,10.23,5.243767729,229.9373138,153.7131297,1,48,0,52,0
0,47,0,PEModel,0,0.95,100,86400,40,None,None,None,FALSE,NestedSearchTree,0,2048,,,"{0: (<class 'posgmcp.envs.pe.policies.PESPPolicy'>, {'r_hi': 90, 'r_lo': -138}), 1: (<class 'posgmcp.policy.random_policy.RandomPolicy'>, {})}",230,0.1,0.8407996052,0.4625407782,15.69280754,6.881408588,0.4394738396,0.356207333,0.2362252378,0.1559991797,-0.16,97.21211036,92,-133,-9.190650031,58.60034994,56.62992917,-84.1605,11.16,5.567261445,209.4997361,130.4808623,1,45,0,55,0
1,47,1,PEModel,0,0.95,100,86400,40,None,None,None,FALSE,NestedSearchTree,0,512,,,"{0: (<class 'posgmcp.envs.pe.policies.PESPPolicy'>, {'r_hi': 90, 'r_lo': -138}), 1: (<class 'posgmcp.policy.random_policy.RandomPolicy'>, {})}",230,0.1,0.5455548462,0.2851905126,2.793972777,1.206919978,0.1120691356,0.09124025517,0.07332282249,0.07343299841,-20.16,102.0382007,97,-121,-5.410511492,61.88863017,78.74075,-69.41995278,11.16,5.567261445,209.4997361,130.4808623,1,55,0,45,0
0,48,0,PEModel,0,0.95,100,86400,40,None,None,None,FALSE,NestedSearchTree,0,2048,,,"{0: (<class 'posgmcp.envs.pe.policies.PESPPolicy'>, {'r_hi': 90, 'r_lo': -138}), 1: (<class 'posgmcp.policy.random_policy.RandomPolicy'>, {})}",230,0.1,0.8578852957,0.4514226881,15.88697424,6.511198451,0.4187137916,0.2978979897,0.2188724991,0.1584173733,11.29,95.17597333,92,-119,-2.060295016,56.32354373,56.62992917,-84.1605,11.71,5.022539198,201.4619213,115.6194469,1,39,0,61,0
1,48,1,PEModel,0,0.95,100,86400,40,None,None,None,FALSE,NestedSearchTree,0,128,,,"{0: (<class 'posgmcp.envs.pe.policies.PESPPolicy'>, {'r_hi': 90, 'r_lo': -138}), 1: (<class 'posgmcp.policy.random_policy.RandomPolicy'>, {})}",230,0.1,1.555925575,0.2123628842,0.8010251604,0.3310938852,0.03146714869,0.01559185786,0.02028281615,0.01112085649,-32.71,100.1198577,97,-137,-13.35068729,58.87490821,78.74075,-69.41995278,11.71,5.022539198,201.4619213,115.6194469,1,61,0,39,0
0,49,0,PEModel,0,0.95,100,86400,40,None,None,None,FALSE,NestedSearchTree,0,2048,,,"{0: (<class 'posgmcp.envs.pe.policies.PESPPolicy'>, {'r_hi': 90, 'r_lo': -138}), 1: (<class 'posgmcp.policy.random_policy.RandomPolicy'>, {})}",230,0.1,0.7986577973,0.4371422205,14.24706125,3.703161723,0.4461042014,0.2358339319,0.1868351948,0.1691938413,33.91,81.4283851,92,-137,13.1566171,42.05618442,56.62992917,-91.2,17.98,10.26935246,295.7412487,245.1662138,0.89,19,11,70,0
1,49,1,PEModel,0,0.95,100,86400,40,None,None,None,FALSE,NestedSearchTree,0,16,,,"{0: (<class 'posgmcp.envs.pe.policies.PESPPolicy'>, {'r_hi': 90, 'r_lo': -138}), 1: (<class 'posgmcp.policy.random_policy.RandomPolicy'>, {})}",230,0.1,1.972868962,0.009294162357,0.09220740372,0.02239160506,0.00490701215,0.001625974396,0.002630839711,0.001141772671,-68.09,78.66525218,99,-136,-33.39096392,41.26344266,89.3,-69.41995278,17.98,10.26935246,295.7412487,245.1662138,0.89,70,11,19,0
0,50,0,PEModel,0,0.95,100,86400,40,None,None,None,FALSE,NestedSearchTree,0,2048,,,"{0: (<class 'posgmcp.envs.pe.policies.PESPPolicy'>, {'r_hi': 90, 'r_lo': -138}), 1: (<class 'posgmcp.policy.random_policy.RandomPolicy'>, {})}",230,0.1,0.8316870943,0.4750685483,13.36632272,4.161038036,0.3997627523,0.2177014257,0.1525423582,0.09600719635,36.98,69.9182351,92,-132,19.81801044,34.46653905,56.62992917,-66.89895514,21.72,12.92523114,340.5153876,281.1162955,0.7,6,30,64,0
1,50,1,PEModel,0,0.95,100,86400,40,None,None,None,FALSE,RandomPolicy,None,None,,,None,None,None,2,0,0,0,0,0,0,0,-79.02,52.34424133,91,-129,-42.07562905,28.04608071,52.84843271,-69.41995278,21.72,12.92523114,340.5153876,281.1162955,0.7,64,30,6,0
0,51,0,PEModel,0,0.95,100,86400,40,None,None,None,FALSE,NestedSearchTree,0,2048,None,None,"{0: (<class 'posgmcp.envs.pe.policies.PESPPolicy'>, {'r_hi': 90, 'r_lo': -138}), 1: (<class 'posgmcp.policy.random_policy.RandomPolicy'>, {})}",230,0.1,0.8119522658,0.4530270545,6.619299898,1.512185314,0.1955252822,0.109531688,0.09566315427,0.08000741952,11.76,94.07232537,92,-132,1.595697755,52.55914073,56.62992917,-91.2,14.19,8.122431902,99.99239469,71.36394553,0.95,35,5,60,0
1,51,1,PEModel,0,0.95,100,86400,40,None,None,None,FALSE,PESPPolicy,None,None,90,-138,None,None,None,0.5979017235,0.1637428996,0,0,0,0,0,0,-38.24,95.06630528,99,-127,-18.89421127,54.08845387,89.3,-69.41995278,14.19,8.122431902,99.99239469,71.36394553,0.95,60,5,35,0
0,52,0,PEModel,0,0.95,100,86400,40,None,None,None,FALSE,RandomPolicy,None,None,,,None,None,None,2,0,0,0,0,0,0,0,-107.11,4.647354086,-101,-138,-73.00554797,9.990541625,-29.82207634,-91.2,8.11,4.647354086,518.1907093,509.1838064,1,100,0,0,0
1,52,1,PEModel,0,0.95,100,86400,40,None,None,None,FALSE,NestedSearchTree,3,4096,,,"{0: (<class 'posgmcp.envs.pe.policies.PESPPolicy'>, {'r_hi': 90, 'r_lo': -138}), 1: (<class 'posgmcp.policy.random_policy.RandomPolicy'>, {})}",230,0.1,0.02228760673,0.03999704328,57.38722945,23.24134154,2.985816745,2.624071741,5.282155159,14.35661059,92.89,4.647354086,99,62,62.00832196,14.98581244,89.3,-2.766885487,8.11,4.647354086,518.1907093,509.1838064,1,0,0,100,0
0,53,0,PEModel,0,0.95,100,86400,40,None,None,None,FALSE,RandomPolicy,None,None,,,None,None,None,2,0,0,0,0,0,0,0,-106.04,7.448382375,-40,-129,-73.01135058,9.611935017,-16.55826903,-91.2,8.03,4.663593035,328.6649337,212.9419926,0.99,99,1,0,0
1,53,1,PEModel,0,0.95,100,86400,40,None,None,None,FALSE,NestedSearchTree,3,2048,,,"{0: (<class 'posgmcp.envs.pe.policies.PESPPolicy'>, {'r_hi': 90, 'r_lo': -138}), 1: (<class 'posgmcp.policy.random_policy.RandomPolicy'>, {})}",230,0.1,0.08583544161,0.1102430168,39.01864952,13.23393971,1.950856319,1.194837253,3.017840403,5.509434684,91.96,13.68643124,99,-40,62.07806915,14.06792708,89.3,-16.55826903,8.03,4.663593035,328.6649337,212.9419926,0.99,0,1,99,0
0,54,0,PEModel,0,0.95,100,86400,40,None,None,None,FALSE,RandomPolicy,None,None,,,None,None,None,2,0,0,0,0,0,0,0,-106.07,10.59363488,-40,-130,-71.21794518,13.09939957,-16.55826903,-91.2,9.05,6.533567173,233.4980519,180.5399603,0.98,98,2,0,0
1,54,1,PEModel,0,0.95,100,86400,40,None,None,None,FALSE,NestedSearchTree,3,1024,,,"{0: (<class 'posgmcp.envs.pe.policies.PESPPolicy'>, {'r_hi': 90, 'r_lo': -138}), 1: (<class 'posgmcp.policy.random_policy.RandomPolicy'>, {})}",230,0.1,0.305949447,0.1984389321,24.28116078,4.392751078,1.511093855,1.098594988,3.420204402,6.942919892,89.93,19.17459517,99,-40,59.44900432,19.15196656,89.3,-16.55826903,9.05,6.533567173,233.4980519,180.5399603,0.98,0,2,98,0
0,55,0,PEModel,0,0.95,100,86400,40,None,None,None,FALSE,RandomPolicy,None,None,,,None,None,None,2,0,0,0,0,0,0,0,-106.72,14.3708594,-40,-138,-69.32023791,17.57959306,-16.55826903,-91.2,10.69,9.76800389,145.929033,136.2006287,0.97,97,3,0,0
1,55,1,PEModel,0,0.95,100,86400,40,None,None,None,FALSE,NestedSearchTree,3,512,,,"{0: (<class 'posgmcp.envs.pe.policies.PESPPolicy'>, {'r_hi': 90, 'r_lo': -138}), 1: (<class 'posgmcp.policy.random_policy.RandomPolicy'>, {})}",230,0.1,0.5843023685,0.3460772713,12.49535079,2.444434964,0.9569402473,0.7378330354,3.107831498,5.572600143,87.28,23.87219303,99,-40,56.66348669,25.83490246,89.3,-16.55826903,10.69,9.76800389,145.929033,136.2006287,0.97,0,3,97,0
0,56,0,PEModel,0,0.95,100,86400,40,None,None,None,FALSE,RandomPolicy,None,None,,,None,None,None,2,0,0,0,0,0,0,0,-104.75,19.20332003,-40,-138,-64.73663714,19.43613543,-16.55826903,-91.2,12.68,10.45837463,43.71053559,35.98537879,0.93,93,7,0,0
1,56,1,PEModel,0,0.95,100,86400,40,None,None,None,FALSE,NestedSearchTree,3,128,,,"{0: (<class 'posgmcp.envs.pe.policies.PESPPolicy'>, {'r_hi': 90, 'r_lo': -138}), 1: (<class 'posgmcp.policy.random_policy.RandomPolicy'>, {})}",230,0.1,1.506777453,0.3003437038,3.177858537,0.5404512178,0.27239063,0.1640206633,0.9335673496,1.348052108,81.25,34.05535934,99,-40,50.03225864,28.1181987,89.3,-16.55826903,12.68,10.45837463,43.71053559,35.98537879,0.93,0,7,93,0
0,57,0,PEModel,0,0.95,100,86400,40,None,None,None,FALSE,RandomPolicy,None,None,,,None,None,None,2,0,0,0,0,0,0,0,-95.11,33.86322341,-40,-138,-48.76497585,25.11211622,-16.55826903,-91.2,21.85,13.97739246,9.026704547,5.889946572,0.74,74,26,0,0
1,57,1,PEModel,0,0.95,100,86400,40,None,None,None,FALSE,NestedSearchTree,3,16,,,"{0: (<class 'posgmcp.envs.pe.policies.PESPPolicy'>, {'r_hi': 90, 'r_lo': -138}), 1: (<class 'posgmcp.policy.random_policy.RandomPolicy'>, {})}",230,0.1,1.961770228,0.01476437083,0.3634719928,0.06012470953,0.04991482437,0.02242956374,0.2564694937,0.2073643942,52.89,55.77883021,99,-40,27.23458891,35.67509637,89.3,-16.55826903,21.85,13.97739246,9.026704547,5.889946572,0.74,0,26,74,0
0,58,0,PEModel,0,0.95,100,86400,40,None,None,None,FALSE,RandomPolicy,None,None,,,None,None,None,2,0,0,0,0,0,0,0,-106.74,10.64858676,-40,-131,-69.40840141,12.89177159,-16.55826903,-91.2,9.72,6.418847249,388.8273116,388.1719812,0.98,98,2,0,0
1,58,1,PEModel,0,0.95,100,86400,40,None,None,None,FALSE,NestedSearchTree,2,4096,,,"{0: (<class 'posgmcp.envs.pe.policies.PESPPolicy'>, {'r_hi': 90, 'r_lo': -138}), 1: (<class 'posgmcp.policy.random_policy.RandomPolicy'>, {})}",230,0.1,0.02320290297,0.0479438912,35.43863567,15.29485071,2.251769087,1.811429408,5.171950423,10.08623922,89.26,19.06495214,99,-40,56.73468867,18.8498932,89.3,-16.55826903,9.72,6.418847249,388.8273116,388.1719812,0.98,0,2,98,0
0,59,0,PEModel,0,0.95,100,86400,40,None,None,None,FALSE,RandomPolicy,None,None,,,None,None,None,2,0,0,0,0,0,0,0,-105.62,12.68052049,-40,-133,-70.30886136,14.72058666,-16.55826903,-91.2,9.59,7.498126433,258.1908787,280.4521561,0.97,97,3,0,0
1,59,1,PEModel,0,0.95,100,86400,40,None,None,None,FALSE,NestedSearchTree,2,2048,,,"{0: (<class 'posgmcp.envs.pe.policies.PESPPolicy'>, {'r_hi': 90, 'r_lo': -138}), 1: (<class 'posgmcp.policy.random_policy.RandomPolicy'>, {})}",230,0.1,0.1210755699,0.1326231443,23.22925026,9.196904963,1.475195431,1.266710854,3.653444908,8.230432861,88.38,23.18093182,99,-40,58.14642186,21.42707631,89.3,-16.55826903,9.59,7.498126433,258.1908787,280.4521561,0.97,0,3,97,0
0,60,0,PEModel,0,0.95,100,86400,40,None,None,None,FALSE,RandomPolicy,None,None,,,None,None,None,2,0,0,0,0,0,0,0,-106.36,13.27593311,-40,-139,-68.89978587,15.35897226,-16.55826903,-91.2,10.33,8.202505715,182.9239967,158.6057977,0.97,97,3,0,0
1,60,1,PEModel,0,0.95,100,86400,40,None,None,None,FALSE,NestedSearchTree,2,1024,,,"{0: (<class 'posgmcp.envs.pe.policies.PESPPolicy'>, {'r_hi': 90, 'r_lo': -138}), 1: (<class 'posgmcp.policy.random_policy.RandomPolicy'>, {})}",230,0.1,0.3011350541,0.2523998372,16.47421949,4.915855983,0.9749588315,0.7576160773,2.561641349,5.06832711,87.64,23.32231549,99,-40,56.03280863,22.42986925,89.3,-16.55826903,10.33,8.202505715,182.9239967,158.6057977,0.97,0,3,97,0
0,61,0,PEModel,0,0.95,100,86400,40,None,None,None,FALSE,RandomPolicy,None,None,,,None,None,None,2,0,0,0,0,0,0,0,-106.37,11.11454453,-40,-134,-70.9736721,14.62088873,-16.55826903,-91.2,9.35,7.266876908,95.70651314,77.9436069,0.98,98,2,0,0
1,61,1,PEModel,0,0.95,100,86400,40,None,None,None,FALSE,NestedSearchTree,2,512,,,"{0: (<class 'posgmcp.envs.pe.policies.PESPPolicy'>, {'r_hi': 90, 'r_lo': -138}), 1: (<class 'posgmcp.policy.random_policy.RandomPolicy'>, {})}",230,0.1,0.5692418172,0.3036527113,9.339528499,2.08920497,0.6044641241,0.4323329489,1.395562167,2.530665785,89.63,19.40549149,99,-40,59.0825947,21.48914974,89.3,-16.55826903,9.35,7.266876908,95.70651314,77.9436069,0.98,0,2,98,0
0,62,0,PEModel,0,0.95,100,86400,40,None,None,None,FALSE,RandomPolicy,None,None,,,None,None,None,2,0,0,0,0,0,0,0,-104.02,18.52024838,-40,-135,-65.68262802,18.4397096,-16.55826903,-91.2,11.95,9.681296401,30.38179673,23.71666163,0.93,93,7,0,0
1,62,1,PEModel,0,0.95,100,86400,40,None,None,None,FALSE,NestedSearchTree,2,128,,,"{0: (<class 'posgmcp.envs.pe.policies.PESPPolicy'>, {'r_hi': 90, 'r_lo': -138}), 1: (<class 'posgmcp.policy.random_policy.RandomPolicy'>, {})}",230,0.1,1.521612532,0.299545291,2.380158118,0.4004612035,0.1866982918,0.1240676969,0.5416436754,0.8089596526,81.98,33.97704519,99,-40,51.45124495,26.54250112,89.3,-16.55826903,11.95,9.681296401,30.38179673,23.71666163,0.93,0,7,93,0
0,63,0,PEModel,0,0.95,100,86400,40,None,None,None,FALSE,RandomPolicy,None,None,,,None,None,None,2,0,0,0,0,0,0,0,-81.76,36.23647886,-40,-138,-44.11211982,26.49468398,-16.55826903,-91.2,24.34,15.09451556,7.628640742,4.716583096,0.58,58,42,0,0
1,63,1,PEModel,0,0.95,100,86400,40,None,None,None,FALSE,NestedSearchTree,2,16,,,"{0: (<class 'posgmcp.envs.pe.policies.PESPPolicy'>, {'r_hi': 90, 'r_lo': -138}), 1: (<class 'posgmcp.policy.random_policy.RandomPolicy'>, {})}",230,0.1,1.961814865,0.0141434258,0.2856233287,0.05215476425,0.03458496808,0.0153586778,0.1834782893,0.1461122175,34.24,63.57202529,99,-40,21.23199725,37.10224674,89.3,-16.55826903,24.34,15.09451556,7.628640742,4.716583096,0.58,0,42,58,0
0,64,0,PEModel,0,0.95,100,86400,40,None,None,None,FALSE,RandomPolicy,None,None,,,None,None,None,2,0,0,0,0,0,0,0,-106.57,4.299430195,-101,-138,-74.30363898,9.114255618,-29.82207634,-91.2,7.57,4.299430195,260.5511875,168.2761744,1,100,0,0,0
1,64,1,PEModel,0,0.95,100,86400,40,None,None,None,FALSE,NestedSearchTree,1,4096,,,"{0: (<class 'posgmcp.envs.pe.policies.PESPPolicy'>, {'r_hi': 90, 'r_lo': -138}), 1: (<class 'posgmcp.policy.random_policy.RandomPolicy'>, {})}",230,0.1,0.0131128545,0.03237250016,32.84583878,10.3350925,0.9979015212,0.8681005131,1.274673605,2.76627793,93.43,4.299430195,99,62,63.95545847,13.67138343,89.3,-2.766885487,7.57,4.299430195,260.5511875,168.2761744,1,0,0,100,0
0,65,0,PEModel,0,0.95,100,86400,40,None,None,None,FALSE,RandomPolicy,None,None,,,None,None,None,2,0,0,0,0,0,0,0,-106.67,9.003393805,-40,-127,-72.72612291,14.25218565,-16.55826903,-91.2,8.66,6.788549182,183.9176473,173.8514788,0.99,99,1,0,0
1,65,1,PEModel,0,0.95,100,86400,40,None,None,None,FALSE,NestedSearchTree,1,2048,,,"{0: (<class 'posgmcp.envs.pe.policies.PESPPolicy'>, {'r_hi': 90, 'r_lo': -138}), 1: (<class 'posgmcp.policy.random_policy.RandomPolicy'>, {})}",230,0.1,0.08998383633,0.1011568777,19.83578198,6.35526326,0.8268656438,0.7534145125,1.402588532,2.817445034,91.33,14.50451999,99,-40,61.65022765,21.14506285,89.3,-16.55826903,8.66,6.788549182,183.9176473,173.8514788,0.99,0,1,99,0
0,66,0,PEModel,0,0.95,100,86400,40,None,None,None,FALSE,RandomPolicy,None,None,,,None,None,None,2,0,0,0,0,0,0,0,-104.21,13.98734785,-40,-128,-71.59635181,15.72768842,-16.55826903,-91.2,9.17,7.966247548,123.7838912,112.4537205,0.96,96,4,0,0
1,66,1,PEModel,0,0.95,100,86400,40,None,None,None,FALSE,NestedSearchTree,1,1024,,,"{0: (<class 'posgmcp.envs.pe.policies.PESPPolicy'>, {'r_hi': 90, 'r_lo': -138}), 1: (<class 'posgmcp.policy.random_policy.RandomPolicy'>, {})}",230,0.1,0.2944311827,0.2214512753,12.98747436,2.537727811,0.5156628361,0.4165827368,1.132251173,2.348004421,87.79,26.53838541,99,-40,60.13870082,22.75246903,89.3,-16.55826903,9.17,7.966247548,123.7838912,112.4537205,0.96,0,4,96,0
0,67,0,PEModel,0,0.95,100,86400,40,None,None,None,FALSE,RandomPolicy,None,None,,,None,None,None,2,0,0,0,0,0,0,0,-108.18,10.16895275,-40,-139,-69.51874129,14.58603929,-16.55826903,-91.2,10.17,8.089567356,73.89032426,58.64292145,0.99,99,1,0,0
1,67,1,PEModel,0,0.95,100,86400,40,None,None,None,FALSE,NestedSearchTree,1,512,,,"{0: (<class 'posgmcp.envs.pe.policies.PESPPolicy'>, {'r_hi': 90, 'r_lo': -138}), 1: (<class 'posgmcp.policy.random_policy.RandomPolicy'>, {})}",230,0.1,0.6531693771,0.3030795155,6.902042046,1.124272575,0.3476946166,0.2230317623,0.782711958,1.384312578,89.82,15.05614825,99,-40,56.83915521,21.66479817,89.3,-16.55826903,10.17,8.089567356,73.89032426,58.64292145,0.99,0,1,99,0
0,68,0,PEModel,0,0.95,100,86400,40,None,None,None,FALSE,RandomPolicy,None,None,,,None,None,None,2,0,0,0,0,0,0,0,-102.8,22.11334439,-40,-138,-62.82007449,20.80784378,-16.55826903,-91.2,13.7,11.29822995,24.84090604,21.30451109,0.9,90,10,0,0
1,68,1,PEModel,0,0.95,100,86400,40,None,None,None,FALSE,NestedSearchTree,1,128,,,"{0: (<class 'posgmcp.envs.pe.policies.PESPPolicy'>, {'r_hi': 90, 'r_lo': -138}), 1: (<class 'posgmcp.policy.random_policy.RandomPolicy'>, {})}",230,0.1,1.525815491,0.2593360263,1.709277802,0.2585268086,0.1108560077,0.06109418618,0.322107571,0.3862103923,77.2,39.7114593,99,-40,47.34054447,29.8799064,89.3,-16.55826903,13.7,11.29822995,24.84090604,21.30451109,0.9,0,10,90,0
0,69,0,PEModel,0,0.95,100,86400,40,None,None,None,FALSE,RandomPolicy,None,None,,,None,None,None,2,0,0,0,0,0,0,0,-91.62,34.74356919,-40,-139,-47.49698831,24.77514212,-16.55826903,-91.2,22.32,14.1101949,5.100402751,3.434613497,0.7,70,30,0,0
1,69,1,PEModel,0,0.95,100,86400,40,None,None,None,FALSE,NestedSearchTree,1,16,,,"{0: (<class 'posgmcp.envs.pe.policies.PESPPolicy'>, {'r_hi': 90, 'r_lo': -138}), 1: (<class 'posgmcp.policy.random_policy.RandomPolicy'>, {})}",230,0.1,1.963634498,0.01027360533,0.2082694165,0.05996969633,0.01924846255,0.006654290955,0.0790177814,0.05867952415,48.38,58.41845256,99,-40,25.57678069,34.91301155,89.3,-16.55826903,22.32,14.1101949,5.100402751,3.434613497,0.7,0,30,70,0
0,70,0,PEModel,0,0.95,100,86400,40,None,None,None,FALSE,RandomPolicy,None,None,,,None,None,None,2,0,0,0,0,0,0,0,-105.25,2.080264406,-101,-111,-77.38919023,6.237202812,-62.22880701,-91.2,6.25,2.080264406,68.15437872,31.61074178,1,100,0,0,0
1,70,1,PEModel,0,0.95,100,86400,40,None,None,None,FALSE,NestedSearchTree,0,4096,,,"{0: (<class 'posgmcp.envs.pe.policies.PESPPolicy'>, {'r_hi': 90, 'r_lo': -138}), 1: (<class 'posgmcp.policy.random_policy.RandomPolicy'>, {})}",230,0.1,0.02270759239,0.05074867198,10.66335896,3.622280345,0.2799943039,0.2522233846,0.06754656178,0.1088393496,94.75,2.080264406,99,89,68.58378535,9.355804218,89.3,45.84321052,6.25,2.080264406,68.15437872,31.61074178,1,0,0,100,0
0,71,0,PEModel,0,0.95,100,86400,40,None,None,None,FALSE,RandomPolicy,None,None,,,None,None,None,2,0,0,0,0,0,0,0,-105.58,2.589131128,-101,-122,-76.54510995,6.833186404,-43.58854942,-91.2,6.58,2.589131128,52.30590178,27.55330686,1,100,0,0,0
1,71,1,PEModel,0,0.95,100,86400,40,None,None,None,FALSE,NestedSearchTree,0,2048,,,"{0: (<class 'posgmcp.envs.pe.policies.PESPPolicy'>, {'r_hi': 90, 'r_lo': -138}), 1: (<class 'posgmcp.policy.random_policy.RandomPolicy'>, {})}",230,0.1,0.09078229265,0.1006607768,7.658598075,2.325638908,0.1592858321,0.1148555321,0.05175077463,0.07089335054,94.42,2.589131128,99,78,67.31766493,10.24977961,89.3,17.88282413,6.58,2.589131128,52.30590178,27.55330686,1,0,0,100,0
0,72,0,PEModel,0,0.95,100,86400,40,None,None,None,FALSE,RandomPolicy,None,None,,,None,None,None,2,0,0,0,0,0,0,0,-105.07,2.850456104,-101,-116,-78.19986751,8.183162406,-52.44962682,-91.2,6.07,2.850456104,28.9600901,15.86939435,1,100,0,0,0
1,72,1,PEModel,0,0.95,100,86400,40,None,None,None,FALSE,NestedSearchTree,0,1024,,,"{0: (<class 'posgmcp.envs.pe.policies.PESPPolicy'>, {'r_hi': 90, 'r_lo': -138}), 1: (<class 'posgmcp.policy.random_policy.RandomPolicy'>, {})}",230,0.1,0.1791171901,0.1899308098,4.636417954,1.065244931,0.1039354381,0.07844918721,0.04182509798,0.04935206918,94.93,2.850456104,99,84,69.79980126,12.27474361,89.3,31.17444023,6.07,2.850456104,28.9600901,15.86939435,1,0,0,100,0
0,73,0,PEModel,0,0.95,100,86400,40,None,None,None,FALSE,RandomPolicy,None,None,,,None,None,None,2,0,0,0,0,0,0,0,-106,4.424929378,-101,-134,-76.01030385,9.455645785,-32.28667072,-91.2,7,4.424929378,19.37739198,12.28614886,1,100,0,0,0
1,73,1,PEModel,0,0.95,100,86400,40,None,None,None,FALSE,NestedSearchTree,0,512,,,"{0: (<class 'posgmcp.envs.pe.policies.PESPPolicy'>, {'r_hi': 90, 'r_lo': -138}), 1: (<class 'posgmcp.policy.random_policy.RandomPolicy'>, {})}",230,0.1,0.4607363132,0.2827890734,2.7099287,0.5325464001,0.06093406222,0.03746446528,0.03060391905,0.02502472896,94,4.424929378,99,66,66.51545577,14.18346868,89.3,0.9300060785,7,4.424929378,19.37739198,12.28614886,1,0,0,100,0
0,74,0,PEModel,0,0.95,100,86400,40,None,None,None,FALSE,RandomPolicy,None,None,,,None,None,None,2,0,0,0,0,0,0,0,-108.23,7.09486434,-101,-138,-71.47373368,13.73051817,-29.82207634,-91.2,9.23,7.09486434,6.848098743,5.093330974,1,100,0,0,0
1,74,1,PEModel,0,0.95,100,86400,40,None,None,None,FALSE,NestedSearchTree,0,128,,,"{0: (<class 'posgmcp.envs.pe.policies.PESPPolicy'>, {'r_hi': 90, 'r_lo': -138}), 1: (<class 'posgmcp.policy.random_policy.RandomPolicy'>, {})}",230,0.1,1.486853426,0.2259960379,0.7212654587,0.1319097228,0.02088857489,0.009515782412,0.01246400423,0.006410433675,91.77,7.09486434,99,62,59.71060052,20.59577725,89.3,-2.766885487,9.23,7.09486434,6.848098743,5.093330974,1,0,0,100,0
0,75,0,PEModel,0,0.95,100,86400,40,None,None,None,FALSE,RandomPolicy,None,None,,,None,None,None,2,0,0,0,0,0,0,0,-103.23,25.64989474,-40,-133,-56.14582238,21.32705508,-16.55826903,-91.2,17.1,11.7843116,1.740744009,1.885628878,0.87,87,13,0,0
1,75,1,PEModel,0,0.95,100,86400,40,None,None,None,FALSE,NestedSearchTree,0,16,,,"{0: (<class 'posgmcp.envs.pe.policies.PESPPolicy'>, {'r_hi': 90, 'r_lo': -138}), 1: (<class 'posgmcp.policy.random_policy.RandomPolicy'>, {})}",230,0.1,1.973179812,0.009908438628,0.09311255082,0.06954411523,0.004086688162,0.001607072461,0.002096405417,0.0008649560995,70.77,43.51961742,99,-40,37.51229613,30.55104252,89.3,-16.55826903,17.1,11.7843116,1.740744009,1.885628878,0.87,0,13,87,0
0,76,0,PEModel,0,0.95,100,86400,40,None,None,None,FALSE,RandomPolicy,,,,,,,,2,0,0,0,0,0,0,0,-64.5,40.42462121,61,-138,-25.88149874,16.84072911,-3.578541212,-80.902475,34.82,9.637821331,0.0179812479,0.006848583605,0.32,31,68,1,0
1,76,1,PEModel,0,0.95,100,86400,40,None,None,None,FALSE,RandomPolicy,,,,,,,,2,0,0,0,0,0,0,0,-4.5,56.2685525,96,-139,-4.39829708,22.84951183,73.8537125,-29.28097253,34.82,9.637821331,0.0179812479,0.006848583605,0.32,1,68,31,0
0,77,0,PEModel,0,0.95,100,86400,40,None,None,None,FALSE,RandomPolicy,,,None,None,,,,2,0,0,0,0,0,0,0,-107.59,19.19119329,-40,-138,-61.33704511,19.76767181,-16.55826903,-91.2,14.53,10.86780107,0.004840807915,0.003628359271,0.94,94,6,0,0
1,77,1,PEModel,0,0.95,100,86400,40,None,None,None,FALSE,PESPPolicy,,,90,-138,,,,0.5935220553,0.1668691181,0,0,0,0,0,0,80.41,31.6566249,99,-40,44.87182732,28.8463439,89.3,-16.55826903,14.53,10.86780107,0.004840807915,0.003628359271,0.94,0,6,94,0
0,78,0,PEModel,0,0.95,100,86400,40,None,None,None,FALSE,PESPPolicy,None,None,90,-138,None,None,None,0.4872710347,0.1527168925,0,0,0,0,0,0,-20.72,97.05762,92,-133,-21.96602951,57.60458333,56.62992917,-91.2,11.72,7.387936112,1.037720845,0.6430427225,1,55,0,45,0
1,78,1,PEModel,0,0.95,100,86400,40,None,None,None,FALSE,NestedSearchTree,0,16,None,None,"{0: (<class 'posgmcp.envs.pe.policies.PESPPolicy'>, {'r_hi': 90, 'r_lo': -138}), 1: (<class 'posgmcp.policy.random_policy.RandomPolicy'>, {})}",230,0.1,1.973674249,0.01399197667,0.08565131116,0.01904972957,0.00363102036,0.001244514262,0.002156118955,0.0009501399586,-0.72,102.4157293,99,-128,7.35619182,62.16655728,89.3,-69.41995278,11.72,7.387936112,1.037720845,0.6430427225,1,45,0,55,0
0,79,0,PEModel,0,0.95,100,86400,40,None,None,None,FALSE,PESPPolicy,None,None,90,-138,None,None,None,0.5075486716,0.2028458944,0,0,0,0,0,0,-28.25,93.53473954,92,-131,-31.01868063,59.3783202,56.62992917,-91.2,10.24,8.16347965,7.072425029,5.669411658,0.99,59,1,40,0
1,79,1,PEModel,0,0.95,100,86400,40,None,None,None,FALSE,NestedSearchTree,0,128,None,None,"{0: (<class 'posgmcp.envs.pe.policies.PESPPolicy'>, {'r_hi': 90, 'r_lo': -138}), 1: (<class 'posgmcp.policy.random_policy.RandomPolicy'>, {})}",230,0.1,1.544512693,0.2238266467,0.6795645948,0.1089279444,0.02580540931,0.009317242165,0.01735325947,0.007612175824,9.75,102.2924606,99,-133,18.44728118,64.92051905,89.3,-69.41995278,10.24,8.16347965,7.072425029,5.669411658,0.99,40,1,59,0
0,80,0,PEModel,0,0.95,100,86400,40,None,None,None,FALSE,PESPPolicy,None,None,90,-138,None,None,None,0.501295605,0.192105087,0,0,0,0,0,0,-14.65,93.85695233,92,-121,-25.67070402,62.77086703,56.62992917,-91.2,9.63,8.105128006,25.0081792,20.67189556,0.98,52,2,46,0
1,80,1,PEModel,0,0.95,100,86400,40,None,None,None,FALSE,NestedSearchTree,0,512,None,None,"{0: (<class 'posgmcp.envs.pe.policies.PESPPolicy'>, {'r_hi': 90, 'r_lo': -138}), 1: (<class 'posgmcp.policy.random_policy.RandomPolicy'>, {})}",230,0.1,0.6379099806,0.3239685112,2.621233141,0.4677486441,0.09344298681,0.04663255566,0.05520259448,0.0311577289,-2.65,104.1764249,99,-129,13.86628337,69.04055752,89.3,-69.41995278,9.63,8.105128006,25.0081792,20.67189556,0.98,46,2,52,0
0,81,0,PEModel,0,0.95,100,86400,40,None,None,None,FALSE,PESPPolicy,None,None,90,-138,None,None,None,0.4826824743,0.2290998039,0,0,0,0,0,0,-29.15,94.17370918,92,-134,-30.50481969,61.84786701,56.62992917,-91.2,9.14,7.304820326,44.04027857,38.49172618,0.99,60,1,39,0
1,81,1,PEModel,0,0.95,100,86400,40,None,None,None,FALSE,NestedSearchTree,0,1024,None,None,"{0: (<class 'posgmcp.envs.pe.policies.PESPPolicy'>, {'r_hi': 90, 'r_lo': -138}), 1: (<class 'posgmcp.policy.random_policy.RandomPolicy'>, {})}",230,0.1,0.3050875464,0.2328960855,4.706631197,1.04418873,0.1621394319,0.07724673664,0.1023177523,0.06695688404,12.85,100.7833692,99,-131,19.00936952,67.0092094,89.3,-69.41995278,9.14,7.304820326,44.04027857,38.49172618,0.99,39,1,60,0
0,82,0,PEModel,0,0.95,100,86400,40,None,None,None,FALSE,PESPPolicy,None,None,90,-138,None,None,None,0.4960091877,0.1994932602,0,0,0,0,0,0,-28.03,94.52263803,92,-127,-29.44165191,57.94197946,56.62992917,-91.2,11.03,8.099944444,99.05970272,82.56289764,1,59,0,41,0
1,82,1,PEModel,0,0.95,100,86400,40,None,None,None,FALSE,NestedSearchTree,0,2048,None,None,"{0: (<class 'posgmcp.envs.pe.policies.PESPPolicy'>, {'r_hi': 90, 'r_lo': -138}), 1: (<class 'posgmcp.policy.random_policy.RandomPolicy'>, {})}",230,0.1,0.1146664639,0.118516742,8.716327989,2.044751663,0.2773509968,0.1382223179,0.1373558821,0.1145433449,7.97,102.7068114,99,-137,15.91520429,63.41255063,89.3,-69.41995278,11.03,8.099944444,99.05970272,82.56289764,1,41,0,59,0
0,83,0,PEModel,0,0.95,100,86400,40,None,None,None,FALSE,PESPPolicy,None,None,90,-138,None,None,None,0.4847896745,0.2460202172,0,0,0,0,0,0,-61.54,80.95794217,92,-137,-51.19710169,52.37231424,56.62992917,-91.2,8.54,7.778714547,124.3228245,149.9664672,1,77,0,23,0
1,83,1,PEModel,0,0.95,100,86400,40,None,None,None,FALSE,NestedSearchTree,0,4096,None,None,"{0: (<class 'posgmcp.envs.pe.policies.PESPPolicy'>, {'r_hi': 90, 'r_lo': -138}), 1: (<class 'posgmcp.policy.random_policy.RandomPolicy'>, {})}",230,0.1,0.02092721379,0.04145330536,12.84786961,4.740941662,0.4477984116,0.2917946718,0.1979078579,0.1820444754,46.46,87.9478732,99,-136,40.70170238,57.78720401,89.3,-69.41995278,8.54,7.778714547,124.3228245,149.9664672,1,23,0,77,0
0,84,0,PEModel,0,0.95,100,86400,40,None,None,None,FALSE,PESPPolicy,None,None,90,-138,None,None,None,0.4750063904,0.1654226687,0,0,0,0,0,0,-26.32,96.61127056,92,-134,-23.00919415,56.11147612,56.62992917,-91.2,12.31,7.859637396,2.455671346,1.457084075,0.99,57,1,42,0
1,84,1,PEModel,0,0.95,100,86400,40,None,None,None,FALSE,NestedSearchTree,1,16,None,None,"{0: (<class 'posgmcp.envs.pe.policies.PESPPolicy'>, {'r_hi': 90, 'r_lo': -138}), 1: (<class 'posgmcp.policy.random_policy.RandomPolicy'>, {})}",230,0.1,1.965971583,0.01713596193,0.1911442858,0.03072890294,0.01184656913,0.004347142041,0.03034010252,0.02697735472,3.68,100.7022224,99,-138,7.807522822,60.11098559,89.3,-69.41995278,12.31,7.859637396,2.455671346,1.457084075,0.99,42,1,57,0
0,85,0,PEModel,0,0.95,100,86400,40,None,None,None,FALSE,PESPPolicy,None,None,90,-138,None,None,None,0.4851909961,0.2528121087,0,0,0,0,0,0,-62.19,80.52772131,92,-136,-49.22610546,52.13603287,56.62992917,-91.2,9.17,8.122875107,15.1417601,13.08047913,0.98,75,2,23,0
1,85,1,PEModel,0,0.95,100,86400,40,None,None,None,FALSE,NestedSearchTree,1,128,None,None,"{0: (<class 'posgmcp.envs.pe.policies.PESPPolicy'>, {'r_hi': 90, 'r_lo': -138}), 1: (<class 'posgmcp.policy.random_policy.RandomPolicy'>, {})}",230,0.1,1.443915662,0.4553693595,1.589326679,0.2492397134,0.06863587724,0.04202342795,0.1512611613,0.2238452615,45.81,86.1263833,99,-124,37.98671248,57.40267998,89.3,-69.41995278,9.17,8.122875107,15.1417601,13.08047913,0.98,23,2,75,0
0,86,0,PEModel,0,0.95,100,86400,40,None,None,None,FALSE,PESPPolicy,None,None,90,-138,None,None,None,0.4723894308,0.1954753614,0,0,0,0,0,0,-55.82,85.4289623,92,-128,-45.16149243,54.58202852,56.62992917,-91.2,8.82,6.389647878,55.27558957,37.77575451,1,74,0,26,0
1,86,1,PEModel,0,0.95,100,86400,40,None,None,None,FALSE,NestedSearchTree,1,512,None,None,"{0: (<class 'posgmcp.envs.pe.policies.PESPPolicy'>, {'r_hi': 90, 'r_lo': -138}), 1: (<class 'posgmcp.policy.random_policy.RandomPolicy'>, {})}",230,0.1,0.6990156269,0.3653485129,6.12818621,1.061904448,0.2658148504,0.1475968118,0.4680583723,0.552719752,40.18,90.41873478,99,-124,33.85320889,59.38062687,89.3,-69.41995278,8.82,6.389647878,55.27558957,37.77575451,1,26,0,74,0
0,87,0,PEModel,0,0.95,100,86400,40,None,None,None,FALSE,PESPPolicy,None,None,90,-138,None,None,None,0.5251022957,0.2020309311,0,0,0,0,0,0,-65.27,78.66661999,92,-135,-51.31983372,50.3588427,56.62992917,-91.2,9.26,8.342205943,113.132106,105.5991846,0.99,78,1,21,0
1,87,1,PEModel,0,0.95,100,86400,40,None,None,None,FALSE,NestedSearchTree,1,1024,None,None,"{0: (<class 'posgmcp.envs.pe.policies.PESPPolicy'>, {'r_hi': 90, 'r_lo': -138}), 1: (<class 'posgmcp.policy.random_policy.RandomPolicy'>, {})}",230,0.1,0.2548176233,0.223994087,11.83842399,1.871956418,0.4801732154,0.3105036636,0.8615413701,1.28295474,48.73,85.17040037,99,-139,40.03539097,55.47968764,89.3,-69.41995278,9.26,8.342205943,113.132106,105.5991846,0.99,21,1,78,0
0,88,0,PEModel,0,0.95,100,86400,40,None,None,None,FALSE,PESPPolicy,None,None,90,-138,None,None,None,0.513394998,0.2057557678,0,0,0,0,0,0,-64.86,78.24704723,92,-120,-53.72608694,50.17615642,56.62992917,-91.2,7.86,5.861774475,134.4482767,117.4260188,1,79,0,21,0
1,88,1,PEModel,0,0.95,100,86400,40,None,None,None,FALSE,NestedSearchTree,1,2048,None,None,"{0: (<class 'posgmcp.envs.pe.policies.PESPPolicy'>, {'r_hi': 90, 'r_lo': -138}), 1: (<class 'posgmcp.policy.random_policy.RandomPolicy'>, {})}",230,0.1,0.09555279731,0.1240791924,16.41454801,4.79570335,0.5347266118,0.3786892018,0.67273255,0.9556400748,51.14,84.95952213,99,-127,43.52831501,55.06550578,89.3,-69.41995278,7.86,5.861774475,134.4482767,117.4260188,1,21,0,79,0
0,89,0,PEModel,0,0.95,100,86400,40,None,None,None,FALSE,PESPPolicy,None,None,90,-138,None,None,None,0.4575090609,0.2514158255,0,0,0,0,0,0,-71.28,72.93285679,92,-122,-57.49251715,48.95651779,56.62992917,-91.2,7.27,5.994756042,226.7424444,191.2920127,0.99,82,1,17,0
1,89,1,PEModel,0,0.95,100,86400,40,None,None,None,FALSE,NestedSearchTree,1,4096,None,None,"{0: (<class 'posgmcp.envs.pe.policies.PESPPolicy'>, {'r_hi': 90, 'r_lo': -138}), 1: (<class 'posgmcp.policy.random_policy.RandomPolicy'>, {})}",230,0.1,0.01452917155,0.04161248931,31.5374095,11.31701223,0.9545887382,0.8414690032,1.105099974,2.429112863,58.72,78.12811018,99,-121,48.11696244,53.44947101,89.3,-69.41995278,7.27,5.994756042,226.7424444,191.2920127,0.99,17,1,82,0
0,90,0,PEModel,0,0.95,100,86400,40,None,None,None,FALSE,PESPPolicy,None,None,90,-138,None,None,None,0.5161166298,0.1941820903,0,0,0,0,0,0,-47.03,88.95059921,92,-133,-39.1790177,52.90118482,56.62992917,-91.2,11.02,8.052304018,3.218449073,2.258704153,0.99,68,1,31,0
1,90,1,PEModel,0,0.95,100,86400,40,None,None,None,FALSE,NestedSearchTree,2,16,None,None,"{0: (<class 'posgmcp.envs.pe.policies.PESPPolicy'>, {'r_hi': 90, 'r_lo': -138}), 1: (<class 'posgmcp.policy.random_policy.RandomPolicy'>, {})}",230,0.1,1.964957859,0.0185192636,0.2775539325,0.05189445187,0.01964243227,0.009167361686,0.05657896464,0.0644097554,26.97,96.33612562,99,-138,25.59333083,58.24759738,89.3,-69.41995278,11.02,8.052304018,3.218449073,2.258704153,0.99,31,1,68,0
0,91,0,PEModel,0,0.95,100,86400,40,None,None,None,FALSE,PESPPolicy,None,None,90,-138,None,None,None,0.455911859,0.2206763025,0,0,0,0,0,0,-44.24,90.39547776,92,-132,-37.51446162,56.57196426,56.62992917,-91.2,10.23,7.908040212,23.98262037,18.09348338,0.99,67,1,32,0
1,91,1,PEModel,0,0.95,100,86400,40,None,None,None,FALSE,NestedSearchTree,2,128,None,None,"{0: (<class 'posgmcp.envs.pe.policies.PESPPolicy'>, {'r_hi': 90, 'r_lo': -138}), 1: (<class 'posgmcp.policy.random_policy.RandomPolicy'>, {})}",230,0.1,1.460445883,0.4385265748,2.199813406,0.385697677,0.1424012131,0.0856770087,0.3736465129,0.4751511334,25.76,96.46212936,99,-129,24.90259148,61.76529406,89.3,-69.41995278,10.23,7.908040212,23.98262037,18.09348338,0.99,32,1,67,0
0,92,0,PEModel,0,0.95,100,86400,40,None,None,None,FALSE,PESPPolicy,None,None,90,-138,None,None,None,0.5249208146,0.2004426342,0,0,0,0,0,0,-46.23,89.46226635,92,-133,-40.51891797,56.63650103,56.62992917,-91.2,9.23,7.139824928,79.35467696,61.58547821,1,69,0,31,0
1,92,1,PEModel,0,0.95,100,86400,40,None,None,None,FALSE,NestedSearchTree,2,512,None,None,"{0: (<class 'posgmcp.envs.pe.policies.PESPPolicy'>, {'r_hi': 90, 'r_lo': -138}), 1: (<class 'posgmcp.policy.random_policy.RandomPolicy'>, {})}",230,0.1,0.6920959366,0.3368997322,8.344076578,2.374967703,0.4324543699,0.2868999183,1.009800544,1.539281409,29.77,95.97112639,99,-135,28.87160318,61.78066331,89.3,-69.41995278,9.23,7.139824928,79.35467696,61.58547821,1,31,0,69,0
0,93,0,PEModel,0,0.95,100,86400,40,None,None,None,FALSE,PESPPolicy,None,None,90,-138,None,None,None,0.4808690887,0.204756154,0,0,0,0,0,0,-49.68,87.16385489,92,-124,-44.30546464,55.47568732,56.62992917,-91.2,8.68,6.531278588,127.8125515,112.4051482,1,71,0,29,0
1,93,1,PEModel,0,0.95,100,86400,40,None,None,None,FALSE,NestedSearchTree,2,1024,None,None,"{0: (<class 'posgmcp.envs.pe.policies.PESPPolicy'>, {'r_hi': 90, 'r_lo': -138}), 1: (<class 'posgmcp.policy.random_policy.RandomPolicy'>, {})}",230,0.1,0.2780642452,0.2529824428,13.44229175,4.589488949,0.6930165201,0.5473804886,1.557115084,2.831459312,34.32,94.65610176,99,-129,33.22173406,60.8321218,89.3,-69.41995278,8.68,6.531278588,127.8125515,112.4051482,1,29,0,71,0
0,94,0,PEModel,0,0.95,100,86400,40,None,None,None,FALSE,PESPPolicy,None,None,90,-138,None,None,None,0.4768142827,0.2283236523,0,0,0,0,0,0,-67.07,77.89765786,92,-134,-53.08187495,50.92810403,56.62992917,-91.2,8.07,6.514990407,194.2155499,174.3715211,1,80,0,20,0
1,94,1,PEModel,0,0.95,100,86400,40,None,None,None,FALSE,NestedSearchTree,2,2048,None,None,"{0: (<class 'posgmcp.envs.pe.policies.PESPPolicy'>, {'r_hi': 90, 'r_lo': -138}), 1: (<class 'posgmcp.policy.random_policy.RandomPolicy'>, {})}",230,0.1,0.1076195154,0.1361793347,22.97843156,8.282000102,0.9167469088,0.7362401941,1.559869467,3.337144904,52.93,82.56418776,99,-125,42.78600587,55.61379159,89.3,-69.41995278,8.07,6.514990407,194.2155499,174.3715211,1,20,0,80,0
0,95,0,PEModel,0,0.95,100,86400,40,None,None,None,FALSE,PESPPolicy,None,None,90,-138,None,None,None,0.4822255496,0.2116842214,0,0,0,0,0,0,-51.66,86.91469611,92,-127,-43.34379133,55.07940184,56.62992917,-91.2,8.66,5.678415272,309.3388095,245.8865729,1,72,0,28,0
1,95,1,PEModel,0,0.95,100,86400,40,None,None,None,FALSE,NestedSearchTree,2,4096,None,None,"{0: (<class 'posgmcp.envs.pe.policies.PESPPolicy'>, {'r_hi': 90, 'r_lo': -138}), 1: (<class 'posgmcp.policy.random_policy.RandomPolicy'>, {})}",230,0.1,0.016753458,0.04421426756,32.60996428,11.10349803,1.895097054,1.514115138,3.105232793,4.453636333,36.34,92.94258658,99,-133,31.96305345,59.4628626,89.3,-69.41995278,8.66,5.678415272,309.3388095,245.8865729,1,28,0,72,0
0,96,0,PEModel,0,0.95,100,86400,40,None,None,None,FALSE,PESPPolicy,None,None,90,-138,None,None,None,0.5401855802,0.1802202165,0,0,0,0,0,0,-25.52,94.12305562,92,-127,-28.39937216,57.02957309,56.62992917,-91.2,11.51,8.436225459,4.496609998,3.070365711,0.99,57,1,42,0
1,96,1,PEModel,0,0.95,100,86400,40,None,None,None,FALSE,NestedSearchTree,3,16,None,None,"{0: (<class 'posgmcp.envs.pe.policies.PESPPolicy'>, {'r_hi': 90, 'r_lo': -138}), 1: (<class 'posgmcp.policy.random_policy.RandomPolicy'>, {})}",230,0.1,1.965856972,0.01731869459,0.372740069,0.06421449042,0.03143116904,0.01504074641,0.09809555604,0.1123207999,4.48,103.1229829,99,-139,14.37435198,62.46543176,89.3,-69.41995278,11.51,8.436225459,4.496609998,3.070365711,0.99,42,1,57,0
0,97,0,PEModel,0,0.95,100,86400,40,None,None,None,FALSE,PESPPolicy,None,None,90,-138,None,None,None,0.479091751,0.1776391518,0,0,0,0,0,0,-27.26,95.62150595,92,-132,-27.19403839,60.26113133,56.62992917,-91.2,10.26,7.538726683,32.8043306,23.05227335,1,59,0,41,0
1,97,1,PEModel,0,0.95,100,86400,40,None,None,None,FALSE,NestedSearchTree,3,128,None,None,"{0: (<class 'posgmcp.envs.pe.policies.PESPPolicy'>, {'r_hi': 90, 'r_lo': -138}), 1: (<class 'posgmcp.policy.random_policy.RandomPolicy'>, {})}",230,0.1,1.535206551,0.3625876124,3.04180839,0.5224829665,0.2124384935,0.1205459314,0.5795685427,0.7755209963,8.74,101.5981909,99,-137,14.36693272,64.94117249,89.3,-69.41995278,10.26,7.538726683,32.8043306,23.05227335,1,41,0,59,0
0,98,0,PEModel,0,0.95,100,86400,40,None,None,None,FALSE,PESPPolicy,None,None,90,-138,None,None,None,0.4865271262,0.2713758358,0,0,0,0,0,0,-63.27,80.51532214,92,-131,-49.42556203,51.55275628,56.62992917,-91.2,9.26,7.924165571,92.81980621,83.49856724,0.99,77,1,22,0
1,98,1,PEModel,0,0.95,100,86400,40,None,None,None,FALSE,NestedSearchTree,3,512,None,None,"{0: (<class 'posgmcp.envs.pe.policies.PESPPolicy'>, {'r_hi': 90, 'r_lo': -138}), 1: (<class 'posgmcp.policy.random_policy.RandomPolicy'>, {})}",230,0.1,0.624972704,0.3636312167,8.98610025,2.940343009,0.5582554727,0.4641968764,1.5073348,2.606671778,46.73,85.98905221,99,-131,38.01531749,56.6462013,89.3,-69.41995278,9.26,7.924165571,92.81980621,83.49856724,0.99,22,1,77,0
0,99,0,PEModel,0,0.95,100,86400,40,None,None,None,FALSE,PESPPolicy,None,None,90,-138,None,None,None,0.4756854893,0.1875632823,0,0,0,0,0,0,-38.21,92.93258793,92,-135,-34.46937625,59.63605796,56.62992917,-91.2,9.21,6.860459168,159.3190255,119.1702387,1,65,0,35,0
1,99,1,PEModel,0,0.95,100,86400,40,None,None,None,FALSE,NestedSearchTree,3,1024,None,None,"{0: (<class 'posgmcp.envs.pe.policies.PESPPolicy'>, {'r_hi': 90, 'r_lo': -138}), 1: (<class 'posgmcp.policy.random_policy.RandomPolicy'>, {})}",230,0.1,0.3128147019,0.2396030247,16.84464587,5.541159352,0.9223552799,0.6503881602,1.95723456,3.093515807,21.79,98.27342418,99,-128,22.74633056,64.40577547,89.3,-69.41995278,9.21,6.860459168,159.3190255,119.1702387,1,35,0,65,0
0,100,0,PEModel,0,0.95,100,86400,40,None,None,None,FALSE,PESPPolicy,None,None,90,-138,None,None,None,0.5152482466,0.1853846132,0,0,0,0,0,0,-59.91,81.76919897,92,-123,-48.25956446,50.4112177,56.62992917,-91.2,9.9,8.087644898,296.8338584,267.092969,0.99,75,1,24,0
1,100,1,PEModel,0,0.95,100,86400,40,None,None,None,FALSE,NestedSearchTree,3,2048,None,None,"{0: (<class 'posgmcp.envs.pe.policies.PESPPolicy'>, {'r_hi': 90, 'r_lo': -138}), 1: (<class 'posgmcp.policy.random_policy.RandomPolicy'>, {})}",230,0.1,0.118424863,0.13359916,28.5739687,9.507625436,1.672012956,1.45492482,4.179349586,6.930274141,42.09,89.68746791,99,-138,36.09340378,55.88636691,89.3,-69.41995278,9.9,8.087644898,296.8338584,267.092969,0.99,24,1,75,0
0,102,0,PEModel,0,0.95,100,86400,40,None,None,None,FALSE,PESPPolicy,,,90,-138,,,,0.5283764679,0.1156744462,0,0,0,0,0,0,-19.89,97.29808785,92,-138,-17.45577345,51.53846162,56.62992917,-87.59,14.87,8.635571782,0.008883001804,0.005075512492,0.98,52,2,46,0
1,102,1,PEModel,0,0.95,100,86400,40,None,None,None,FALSE,RandomPolicy,,,None,None,,,,2,0,0,0,0,0,0,0,-7.89,101.0558158,98,-135,-0.3052121984,54.39690594,83.885,-69.41995278,14.87,8.635571782,0.008883001804,0.005075512492,0.98,46,2,52,0
0,103,0,PEModel,0,0.95,100,86400,40,None,None,None,FALSE,PESPPolicy,,,90,-138,,,,0.5381355238,0.2082939634,0,0,0,0,0,0,-56.81,83.79817361,92,-134,-44.203868,48.26309166,56.62992917,-91.2,11.79,8.803743522,0.007105038166,0.005361652408,0.98,72,2,26,0
1,103,1,PEModel,0,0.95,100,86400,40,None,None,None,FALSE,PESPPolicy,,,90,-138,,,,0.5939850517,0.1944168466,0,0,0,0,0,0,35.19,92.21265586,99,-133,29.98853825,53.97596028,89.3,-69.41995278,11.79,8.803743522,0.007105038166,0.005361652408,0.98,26,2,72,0